Attribute_1,Attribute_2,Attribute_3,Attribute_4,Attribute_5,Attribute_6,Attribute_7,Attribute_8,Attribute_9,Attribute_10,Attribute_11,Attribute_12,Attribute_13,Attribute_14,Attribute_15,Attribute_16,Attribute_17,Attribute_18,class
35,11246,4194067,12,110184,60,128,65,105,101,105,93,39,112623,526816,5,5,5,1
27,4172,4569330,12,134921,105,91,100,107,107,70,124,30,1054696,124959,66450,577326,613858,3
32,10244,4876785,11,128030,67,52,49,57,104,111,60,39,516399,1019068,635671,708711,795839,2
32,11879,4245364,12,200317,98,39,56,78,58,78,94,44,523141,947316,397555,655461,393094,1
34,4993,4895264,10,100018,121,69,121,90,65,124,83,45,37755,1147309,5,5,5,0
32,9645,4922858,14,171427,51,61,41,50,119,123,74,42,1085202,1177147,5,5,5,3
31,4752,4495640,10,139079,63,126,128,59,111,75,93,29,960448,102456,747215,740439,539366,3
35,7425,4248807,14,112132,99,84,52,109,81,5,5,5,655330,634536,288194,5,5,1
34,4636,4046684,13,103682,120,103,117,128,52,107,107,36,35448,209153,592915,76527,133052,3
25,3753,3932150,15,145639,69,48,85,70,40,67,70,24,309753,468509,91107,656895,763256,1
24,7730,4627740,11,180703,42,124,67,90,56,46,127,32,1174355,1039853,531640,720118,13809,3
28,7987,4322809,11,130395,78,111,51,70,103,51,72,24,1012628,1021976,300144,118634,38428,3
35,8535,4842528,11,184346,91,74,87,106,86,112,43,29,241041,415836,450550,806669,59120,1
29,9708,3899932,15,163032,77,95,98,60,126,87,64,24,655686,686049,751887,719552,275995,2
27,7710,4255697,13,96213,47,68,62,121,101,41,116,32,462689,1120865,793701,731426,301716,3
32,7056,4930753,12,97894,123,83,72,49,110,108,40,22,908392,157687,422653,425908,61959,3
25,10393,3861675,13,156095,85,70,42,63,72,128,79,32,488111,579154,372958,573360,437164,1
30,4744,4324337,13,138096,70,49,118,118,39,126,48,28,1016729,942446,5,5,5,1
23,10393,4308638,11,184113,93,56,40,124,101,50,90,33,271349,206329,151217,307729,174523,0
30,4418,4651439,10,184013,82,75,53,75,95,96,44,32,232668,880198,175039,181268,184145,2
22,3782,4944654,11,225389,70,100,56,45,97,126,101,33,320850,130408,195055,117800,598509,2
33,9143,4363173,11,225282,92,49,40,50,127,84,79,45,510899,85267,5,5,5,2
23,7983,4872198,10,217563,106,127,94,89,98,80,61,35,727811,465753,382922,775458,24476,1
30,5030,4357068,13,214651,85,51,53,83,93,75,86,40,809209,267113,295682,446380,129275,3
30,10042,4396919,14,162735,80,121,113,54,83,113,93,45,750174,263170,244360,365293,435311,0
25,7147,4747096,13,211312,96,61,67,97,112,127,57,26,1156943,736293,273745,546837,215065,0
22,6315,4246487,12,194462,67,125,74,122,68,126,118,29,474335,890736,9393,276795,50449,1
29,3486,4035892,10,203958,110,90,55,72,92,81,125,24,804997,69951,191203,417475,805061,0
22,5857,4683300,12,124637,102,55,68,90,78,122,106,39,683841,1185549,5,5,5,0
32,10592,4601724,14,129472,41,58,120,58,41,114,104,32,55490,780290,375294,44343,369268,2
28,3009,4354206,14,95604,69,58,62,50,60,84,114,31,961292,71146,28241,31034,1417,1
30,11235,3821231,10,136094,56,77,114,97,126,57,112,30,1056407,363421,89073,571861,319366,3
26,11518,4107332,10,208469,60,59,114,78,44,96,95,34,876571,730498,471986,104043,248731,2
29,6569,4563519,15,133792,66,39,101,60,118,90,48,29,908440,1012473,5,5,5,3
24,11933,4447705,13,121577,71,74,76,104,119,58,117,44,1109982,637970,5,5,5,0
24,7699,4891734,12,184363,105,52,40,58,65,71,78,36,1007237,335604,608574,414363,610603,1
29,3528,4129056,12,225723,117,123,95,62,120,98,114,33,724116,832591,5,5,5,2
27,5500,3977714,14,203489,119,44,57,112,109,104,56,33,936761,737542,227389,410164,636763,2
26,7519,4004770,14,120276,103,69,117,49,109,51,72,24,27748,26770,543368,338544,340508,3
25,4023,4861445,12,114091,55,112,91,84,74,55,101,43,601591,1038445,509476,203705,242591,0
25,8201,4523001,11,163863,77,62,122,100,104,64,39,41,331846,1037643,5,5,5,0
34,7110,4478346,10,143055,114,93,116,95,97,53,46,32,498036,1158264,623822,57320,615639,1
34,10950,4330757,11,105501,40,115,114,128,122,85,89,31,562845,789832,2744,222229,81129,2
34,6652,4413983,15,94497,121,104,96,99,57,60,96,36,800465,437624,350512,107696,588472,2
27,7479,4493135,15,181352,43,105,116,102,117,47,94,37,321415,124224,602267,438987,638131,3
30,6813,4085197,13,168262,83,74,97,62,98,53,124,26,713842,623353,640275,218321,708492,1
34,4575,3818404,15,148304,48,77,77,100,50,121,105,29,683773,1104168,5,5,5,2
33,5278,4931701,11,175746,40,86,115,122,39,108,108,25,539489,1125545,690234,609065,26925,2
31,5850,4340278,14,176808,75,80,110,114,49,46,104,27,453585,1156213,701388,580256,90568,0
34,9486,3879678,11,163943,102,69,124,74,114,65,40,29,565349,1022745,732634,628541,122552,2
29,7901,3962499,12,148257,120,98,76,70,74,88,64,31,233603,424146,805636,626485,565092,1
24,8763,4397249,14,219897,85,93,100,91,82,82,52,37,552000,131754,659356,522593,205835,3
35,7964,4504456,13,106590,106,109,62,57,72,104,101,32,404759,655201,46264,185799,363462,3
28,5014,4542579,10,185343,105,119,108,89,115,104,70,31,696615,627944,5,5,5,0
23,11612,4140704,15,206742,77,53,46,94,113,65,41,24,245311,121674,5,5,5,2
25,8484,4469401,13,141287,41,110,111,101,62,99,110,42,54007,20457,5,5,5,3
29,4660,4399071,15,115741,121,116,104,114,74,92,57,45,802878,707086,587814,759084,664535,0
22,9629,4074879,11,226428,81,110,56,71,103,68,58,24,1145388,500886,234359,12702,364503,3
34,8771,4135436,12,146407,86,66,49,64,110,98,52,38,1059759,856417,683912,518155,191207,1
31,6627,4358654,11,104641,115,50,86,117,121,105,80,33,1112537,609695,260786,33043,175498,3
28,10253,4257606,15,133259,108,40,60,116,46,68,78,22,67860,578634,366978,140468,672050,2
34,7769,4656389,15,115714,51,101,85,58,55,88,46,43,668304,210814,5,5,5,2
32,11507,4165603,14,222874,127,122,106,105,88,111,111,36,1133727,1111871,421304,437544,124609,1
34,4583,4679641,15,161236,125,78,72,115,118,84,64,34,522634,1067130,5,5,5,1
29,11852,4638244,15,105121,67,62,110,123,96,60,73,28,704914,616410,5,5,5,1
34,3189,4400982,13,132792,128,63,100,49,122,68,128,22,121477,628066,5,5,5,2
35,5200,3852147,12,96690,56,80,82,47,75,46,39,37,1199051,921153,406187,114167,129169,2
27,4961,4213278,11,220312,67,122,127,112,82,113,85,23,836485,338323,368262,256360,179681,2
32,5959,3823835,13,206072,121,74,115,75,43,95,119,32,375855,129826,649702,415540,78167,3
29,7794,4671730,10,194572,101,61,90,68,64,80,96,22,503313,435655,737132,27302,33723,2
34,8195,4590360,11,162297,111,127,71,42,83,110,100,34,1027177,192526,238539,161085,686202,2
24,11477,4183724,10,129449,119,77,56,107,124,72,117,42,1044208,634409,259595,375777,222771,0
24,9435,4116304,13,130342,79,63,110,54,41,102,41,27,1010649,1152238,93316,639465,63629,0
26,3111,4885943,13,212363,60,89,125,92,94,92,59,34,134330,1163577,5,5,5,1
32,6421,4422543,12,115100,94,97,72,86,116,95,124,41,807705,1069507,640755,618230,129346,2
27,9532,4588105,15,162564,57,78,116,114,40,56,95,25,670969,1158751,706532,259979,190526,0
31,8088,4222342,15,108599,59,87,62,101,90,39,40,37,18389,909038,5,5,5,1
28,11705,4996370,10,185504,96,93,111,97,99,123,63,34,361223,411110,148214,286576,187035,0
28,10765,5004660,14,147139,116,65,99,108,83,87,101,37,814601,795653,42010,750251,89677,0
26,10935,4688194,10,169395,115,58,61,95,73,104,41,34,23179,1573,708711,184726,434971,3
30,10764,4812258,11,139599,115,101,45,66,49,119,116,44,466971,224125,682556,178806,217514,1
24,9941,4897095,15,125236,67,53,76,125,74,48,70,39,52625,832107,5,5,5,3
33,10785,4507140,12,172601,100,51,108,101,59,83,107,44,775755,74999,5,5,5,2
32,8929,4366253,14,184611,95,109,59,39,93,57,68,39,1108576,1167783,719184,601670,810056,0
26,6539,4025356,15,191900,56,95,120,105,41,61,81,37,305652,1166919,5,5,5,2
30,10244,4264562,15,153920,45,95,43,81,124,63,80,33,450469,919299,5,5,5,2
23,10407,3920665,14,202697,111,105,117,89,101,49,44,22,1008118,11930,5,5,5,2
22,7794,4891327,15,198601,83,67,48,127,81,113,87,30,132908,767947,612530,142653,415691,3
26,10497,4717226,12,222288,123,96,77,68,107,43,121,25,1107098,679732,3143,189694,551441,3
27,9520,4266558,12,126763,75,123,120,81,57,47,91,42,23208,18106,147548,650332,663140,1
23,5088,3960875,12,221265,62,61,61,121,115,54,103,36,1143463,540861,199394,397722,793939,3
30,10015,4591064,15,219920,88,114,47,89,52,102,84,40,123321,412032,562783,179355,616719,0
22,8267,4007346,10,110591,112,101,63,55,81,51,114,42,507332,475680,695130,121891,780521,2
35,9577,4613449,12,137042,116,45,42,118,101,73,110,31,277237,290842,200991,628851,734810,2
27,9388,4104168,11,151469,54,105,56,95,128,97,117,30,1022653,985002,322934,632208,337717,1
33,4178,4621191,12,151522,113,49,95,107,116,5,5,5,571148,661346,5,735945,558829,3
25,6984,4170689,12,186909,92,85,79,96,43,57,70,36,674758,150382,587289,99403,299188,3
32,6728,4498211,14,177531,108,100,58,45,112,51,72,43,136559,433016,261244,358096,284664,3
24,9557,4778726,13,143830,44,120,60,53,116,39,111,41,1191339,767234,279270,687801,531086,3
35,5016,4702112,10,111782,73,73,92,90,67,84,44,44,202000,969590,199745,564795,17232,1
26,8085,4079138,12,106662,39,58,54,74,101,43,67,26,413845,673407,5,5,5,1
27,5117,4651944,14,196236,54,101,76,42,59,82,120,28,1171382,668508,2517,748839,481740,2
34,11130,4335063,15,204787,93,64,107,85,49,106,122,31,264528,998129,121818,442555,726750,0
29,7998,4938035,13,186424,110,84,106,116,53,93,84,30,889520,608358,446343,386384,515924,2
28,10455,4349483,13,95938,51,113,126,122,71,105,91,45,635825,570195,110371,741711,693095,2
35,4871,4753747,15,198843,123,56,42,71,90,96,58,24,352904,1066128,5,5,5,0
27,5778,3988575,11,186166,119,110,79,92,59,97,121,40,541195,479052,503378,178095,109878,1
32,7723,4860218,14,108195,62,124,57,118,115,46,53,25,30004,58435,5,5,5,1
23,5102,4575419,12,110433,41,83,86,109,82,89,67,26,575211,5130,749330,435165,217873,3
31,8920,4444753,11,104272,124,39,76,121,81,74,84,38,788348,115699,5,5,5,1
24,11204,3928123,12,209870,111,101,117,63,97,93,84,34,338202,1192536,5,5,5,2
32,6658,4918700,14,129705,58,97,65,42,123,116,123,23,1111151,1190247,5,5,5,2
29,11022,4048698,12,157581,43,85,61,43,112,95,72,44,380676,842053,5,5,5,0
23,3570,4775156,11,146226,67,52,99,68,72,60,42,33,497684,812965,162638,220889,249635,0
31,6716,4039472,13,195769,70,70,60,74,50,88,113,42,1167126,94250,5,5,5,0
29,3291,4567452,10,151092,80,71,70,51,44,53,91,41,1145504,709348,564959,722641,538637,2
28,7908,4338803,14,105099,103,78,110,75,81,68,55,40,985189,751943,662329,401264,2831,2
25,5544,4263558,15,184850,116,65,77,58,105,107,99,22,1500,556753,95101,148706,127467,2
34,3721,4733957,15,211245,109,91,65,60,69,39,39,40,140535,866045,291034,252314,557408,1
29,6569,4473172,11,214235,62,39,99,99,100,46,92,45,330994,823104,492737,356149,443172,1
29,8808,4349767,11,195697,63,50,68,114,70,103,89,29,90534,102826,275537,715905,611540,2
32,3788,4333464,14,176048,90,101,45,122,84,73,81,39,469596,902735,138204,313270,364817,0
25,6820,4564151,15,125014,73,50,73,62,81,82,42,45,939837,71942,465766,735202,711104,2
24,9885,4622976,12,171369,122,59,53,128,55,101,81,27,667184,839870,791212,256983,35834,1
32,7345,4211274,10,202104,62,65,120,87,105,111,98,28,225456,1200273,661441,410305,696517,2
30,4814,4082391,12,135647,47,103,84,44,116,113,116,22,126071,1039219,725667,692368,735655,2
25,4974,4462321,15,123958,85,104,69,77,61,80,69,33,175104,99465,336913,445742,119926,3
33,6358,4149153,15,120975,40,67,40,122,71,117,111,30,350564,150496,585077,6325,537325,3
25,6447,4049614,15,113152,79,78,82,39,60,128,79,45,123225,517652,785577,765380,257702,0
33,4042,4905054,15,114281,95,122,108,87,97,125,72,39,242037,402804,581695,285413,770356,1
33,10140,4570417,10,209827,105,116,106,111,84,107,71,35,57911,867787,758773,319688,159764,1
23,11836,3823762,15,160631,65,119,98,101,40,122,73,28,866931,992376,260398,542168,558009,1
22,10987,4097685,12,109276,58,127,45,47,118,90,88,45,698050,1120814,510861,361625,494298,3
27,7039,4891530,14,216984,44,67,94,50,90,62,56,24,235288,560987,554811,689988,95986,3
31,4815,3895740,10,199063,93,101,68,115,125,70,44,39,219287,1035805,5,5,5,2
35,11163,4663878,12,176646,64,93,85,121,76,128,78,41,654767,453811,363126,386827,427019,1
30,7130,4011210,12,136010,60,105,54,96,42,99,69,35,357798,1158165,459605,8165,92591,3
34,11967,4631124,15,188530,74,112,65,88,123,95,111,33,281602,894436,628246,179361,516306,2
35,5210,4645662,12,110752,116,57,98,108,115,41,48,37,1022090,921626,5,5,5,2
24,9902,4418442,12,208424,108,85,43,98,41,96,100,43,435649,980504,444444,66322,556371,1
30,9262,4931293,13,219513,86,76,127,85,58,54,53,36,339460,859877,489628,651578,136889,1
27,7685,4357935,13,156902,112,105,106,97,88,41,97,37,593784,697279,504645,307060,286543,1
35,10391,4866498,14,155330,43,64,76,55,114,104,40,23,258514,705509,683515,686254,190853,0
26,4812,4922987,13,201439,67,86,41,39,65,127,105,37,82600,1157274,156317,14619,102181,0
27,11015,4491715,13,219737,39,77,84,46,54,57,65,36,11,364943,431873,764321,322156,3
29,7044,4957174,15,202520,122,59,78,106,127,63,44,45,387795,55938,5,5,5,3
35,3101,4753125,10,206409,77,80,85,110,46,99,125,23,821552,364435,698425,452757,758186,3
28,9453,4809945,11,223000,42,109,91,87,64,109,78,36,476198,673090,404041,672470,112773,2
23,7666,4070783,10,149190,79,60,108,68,92,116,98,35,176923,548229,439001,316184,649875,0
23,3555,4602228,13,159896,92,61,66,80,83,80,106,36,327706,927906,554740,375087,157528,2
34,9427,4695086,13,141416,108,79,75,88,73,78,107,26,429728,403529,212232,210851,573105,2
32,10945,4771633,15,152961,110,48,106,80,91,41,51,34,207676,288743,583842,562501,684488,2
35,5524,4120803,10,175767,50,113,42,51,41,70,121,34,1069864,1065849,325416,364373,388949,3
25,10974,4244596,12,156370,102,74,88,111,92,59,96,34,1027479,737034,717812,67090,128294,1
28,3848,4826640,10,131972,48,102,88,97,100,123,108,40,251564,804432,5,5,5,1
34,10692,3879617,15,185608,40,101,54,97,98,114,57,26,219704,1051314,5,5,5,1
33,10564,4878932,13,126507,103,126,122,64,115,40,62,34,602881,294175,129442,727795,515288,0
31,6292,3944957,11,192455,51,47,69,46,77,79,42,27,332660,642393,276746,123973,145977,0
24,5162,4633099,10,214890,85,117,60,123,122,73,59,28,533500,105907,5,5,5,3
22,9438,4596398,11,196701,68,65,64,45,119,51,102,41,640475,149557,5,5,5,3
30,4663,4931177,11,141813,99,70,71,63,98,103,102,37,496009,390912,691528,297552,445934,1
25,11677,4413566,15,163217,64,79,63,41,42,57,88,36,1088900,857381,424905,270316,598588,2
29,5315,4743064,11,155959,88,86,110,116,61,89,104,26,1100864,275827,342488,512869,778006,1
25,11637,4438465,11,104326,107,92,61,73,43,92,50,43,357491,140155,5,5,5,0
27,6723,4576112,14,140651,124,102,122,44,118,48,108,44,854048,1022787,573862,282767,265722,0
31,7935,3924294,13,152878,74,55,73,45,103,50,122,39,1151525,500832,5,5,5,1
34,9591,4102197,10,225941,86,71,40,60,112,82,49,38,66725,769749,722476,14864,468182,2
35,10843,4165219,10,197640,86,105,70,86,83,87,47,33,900099,721460,5,5,5,3
24,7518,4492980,12,183155,98,51,89,92,42,104,101,22,891117,269696,5,5,5,3
24,10713,4642662,10,148097,64,62,67,93,41,112,114,25,649925,435422,495027,388698,365324,1
23,11390,4459695,13,113824,124,100,100,52,89,79,53,45,1112368,282134,638443,494846,679125,2
25,11071,4817428,10,186493,50,39,104,128,102,108,105,42,778132,398718,5,5,5,2
35,6624,3977743,13,144613,82,86,70,63,43,93,123,40,498269,3875,519485,761069,131805,1
22,10889,4223816,12,184648,107,107,90,59,115,101,96,43,1058486,333572,264774,121497,101270,2
34,7096,4374988,10,96846,118,84,77,95,113,47,113,28,617977,949930,298010,37068,210629,1
24,6620,4312049,15,156075,39,88,54,85,49,101,116,28,774460,1047150,5,5,5,3
34,5765,4094487,12,95975,79,106,42,82,114,65,48,30,158733,872705,5,5,5,2
25,7935,4371383,14,186247,112,93,121,53,43,117,56,30,214999,594285,495266,280699,211872,0
27,8258,4402918,13,100315,43,118,119,91,54,96,114,37,124287,448542,718833,268861,20906,0
34,6028,3986814,12,212852,118,96,123,39,70,71,63,42,763624,592272,32776,359787,237850,1
31,10136,4083496,14,114801,80,108,43,103,73,51,52,39,89313,458593,655263,664958,785560,3
33,7255,4152939,12,223312,57,102,97,44,51,127,86,32,852191,1006328,30225,535480,795944,1
32,11837,4994786,15,178489,39,96,96,81,52,39,99,34,757411,1023523,308747,517806,32582,1
30,7327,4153119,13,202238,82,103,109,78,58,118,48,42,855009,142198,682811,425102,238415,1
28,9113,3958860,10,143699,91,51,95,74,49,105,95,25,868864,36800,5,5,5,3
24,11895,4835618,15,217768,82,96,99,81,90,121,103,28,1168367,981304,361289,313520,198230,2
23,5220,3857937,11,137722,46,39,79,111,80,95,89,40,36310,16540,559894,349700,158766,3
24,10381,4946109,11,123605,75,58,112,81,121,108,95,23,203571,1039552,5,5,5,1
26,4415,4932450,15,134700,107,118,89,65,87,45,121,34,1190483,197339,636765,31412,645725,0
23,5941,4372402,14,100594,126,61,54,128,73,79,41,33,238268,245999,406559,156482,807660,3
34,4135,4752966,15,113916,95,62,49,47,60,82,101,27,930266,822727,468490,222366,743326,0
25,11938,4119400,15,188807,62,50,101,62,114,119,71,33,360670,740270,638816,344817,226880,0
33,6799,4047283,14,217955,42,65,40,40,79,77,69,28,117543,838348,770742,341382,484970,0
26,6220,4522563,11,164379,88,121,48,51,93,81,50,41,706800,1156698,6558,178066,583132,0
27,4734,4265404,13,121094,94,60,74,52,108,40,115,41,463237,735358,5,5,5,0
30,8429,4214907,11,123837,94,48,89,63,63,47,123,28,920434,694233,378845,719472,786885,2
35,4972,4132934,15,118505,88,90,86,120,58,64,121,29,977436,1184754,554051,74441,112469,0
25,3043,5000305,14,119978,55,41,45,89,126,119,124,31,688189,113786,5,5,5,0
35,6710,4259562,15,168544,41,102,68,110,61,41,50,41,424384,1201715,786361,443149,340315,0
24,3391,4292911,10,120191,47,81,128,108,73,127,106,39,118454,1041755,112034,761533,201752,3
30,9495,4635605,12,186850,82,107,67,112,102,67,124,34,1108974,560713,10400,690225,242662,1
30,3490,4932302,14,101236,120,87,69,39,72,49,109,30,525057,1178920,5,5,5,3
29,10110,4338341,15,147391,103,102,63,101,85,70,102,32,851245,865961,5,5,5,3
32,7302,4173775,12,168282,61,45,81,95,102,124,56,30,55560,564175,514157,645608,191341,2
23,7018,4795712,11,195680,75,71,119,101,101,118,58,29,653985,111510,67153,352992,220325,2
26,5510,4680049,15,115867,108,63,100,51,96,86,101,39,570662,6556,569496,236595,627163,1
27,3628,5006063,10,175489,90,106,98,128,63,95,128,35,197225,145313,486008,65797,400237,3
33,9137,4714886,15,175972,105,110,100,63,99,86,56,39,470522,673155,5,5,5,1
33,8438,3869847,12,173658,74,72,117,103,110,113,69,32,1185613,704330,112799,407421,493986,1
22,11785,3882456,15,131228,66,104,121,96,65,73,114,29,1157452,1086852,5,5,5,3
33,4589,4724387,12,199530,78,112,57,109,93,68,51,44,1082977,889264,413884,220204,376649,0
34,4751,4349410,14,218282,66,115,54,40,106,89,91,38,338808,912291,568098,298504,5628,0
27,9654,4359332,10,107571,118,80,64,45,92,123,79,44,352906,1117965,5,5,5,3
25,11689,4144610,11,162680,112,64,73,40,115,92,125,37,163274,792347,378583,130752,181083,1
26,8881,4018039,11,142329,102,58,101,127,58,64,112,25,545102,269396,5,5,5,1
31,10817,3821444,10,167031,67,110,65,74,62,54,116,45,291481,79408,5,5,5,0
22,10685,4341926,10,142858,95,42,46,119,69,73,46,43,471958,269713,5,5,5,3
34,4706,4479868,13,105010,110,98,81,44,74,105,68,40,334269,304545,5,5,5,1
29,11209,3907038,14,145418,86,109,91,39,68,54,98,45,174914,909317,477372,142152,288923,3
35,6916,4541840,15,181514,43,79,117,45,47,128,47,30,36067,605067,642520,86938,778140,1
22,4688,4369295,10,95846,62,109,106,117,73,40,80,22,321835,1010609,5,5,5,1
28,3797,4292702,11,207742,57,78,66,91,60,111,120,37,518143,383819,712340,298515,481059,2
22,9662,4806395,11,117687,52,64,127,106,48,70,128,32,1182624,526671,5,5,5,2
26,3976,4816426,10,200124,106,109,43,96,49,114,108,42,605166,1136770,505249,198177,390140,2
35,9683,4967897,15,151724,106,62,92,128,48,64,126,31,593103,1134320,626481,662517,534940,3
24,4437,4265042,12,166027,103,124,111,74,53,123,101,33,1023123,103190,731929,448466,59998,1
23,9612,4877762,13,188956,58,76,115,113,124,122,50,27,532923,927411,44273,348639,671547,0
22,5662,4553103,14,179598,93,120,43,112,122,84,87,26,186591,60090,51076,40588,463709,1
27,7256,3939606,14,197798,55,84,124,59,113,44,67,44,598661,574070,356122,78520,607065,0
26,9315,4715347,15,125366,61,44,85,110,66,100,79,36,56515,534973,54060,763068,679041,1
23,5495,3916999,13,166734,109,99,53,46,53,92,119,30,95028,1056078,5,5,5,3
29,8457,4361485,10,194747,56,50,96,54,104,86,53,34,703063,872563,642885,517945,58681,1
30,10952,3950566,12,111722,68,67,41,63,112,77,95,44,299057,1197839,277908,595339,796837,0
22,7254,4432153,12,131637,83,126,75,88,84,49,51,30,14294,1175222,5,5,5,1
29,11171,3898575,14,119227,39,96,111,99,75,76,105,36,1080162,431979,5,5,5,3
31,11023,4227160,11,215535,52,78,72,90,82,85,62,41,284072,929955,216239,200902,268028,3
28,10957,4019035,13,223185,81,95,55,92,105,110,127,30,69294,792821,768419,600539,582703,3
35,10655,4975424,15,194569,60,58,113,52,51,75,121,39,752707,587552,5,5,5,2
29,6723,3958209,13,107427,98,105,106,63,79,114,74,30,696663,1174773,5,5,5,2
34,10137,4361743,15,152176,114,91,120,73,109,128,95,28,1172391,1125343,115602,149363,302631,1
22,11950,4309574,12,137670,87,101,105,123,43,56,45,43,452378,95061,658587,260653,609979,0
35,10648,4775604,14,222418,45,67,115,84,111,64,62,30,23179,431682,7442,562305,485275,3
34,10572,3861678,11,184435,61,59,48,71,46,109,92,38,221162,77917,599373,599505,281506,1
23,7224,4459826,10,147910,77,55,128,106,104,110,120,38,121428,893366,95360,777342,384143,0
32,7365,4023215,14,222471,52,126,67,126,126,41,54,35,112401,489112,461641,336006,287261,1
34,6004,4751440,13,189785,47,114,51,82,106,93,114,31,61280,1036340,5,5,5,1
32,11135,4471767,12,222566,63,107,89,97,122,55,68,40,268315,899436,236714,477828,330717,1
30,5195,4587298,12,176769,113,121,113,102,107,126,117,28,405533,593641,190648,608552,436856,2
35,9974,4426188,11,134399,62,69,69,102,51,127,101,34,63447,666173,491319,665380,244418,0
29,9336,4644745,14,120190,107,96,127,39,78,40,47,31,471894,7746,225850,318873,146178,1
30,8493,4640976,12,156825,127,47,82,86,115,113,44,39,680646,572994,5,5,5,3
24,3288,4803271,11,161961,110,122,88,64,114,93,45,25,849272,732285,690905,446936,715106,3
33,10620,4036992,12,191246,50,93,127,121,104,92,108,36,241976,41956,766070,236661,28243,3
33,6490,4794631,10,146457,43,64,109,80,88,48,77,33,1041941,449939,585688,744463,582301,2
26,3586,4811610,10,164686,41,126,53,66,76,100,97,30,1178439,1123776,244984,112552,620117,3
34,5524,4076098,11,139155,94,118,78,39,73,66,125,23,301983,964509,5,5,5,0
23,8868,4308505,10,159236,94,102,90,113,72,101,114,24,711909,589717,679065,110417,657407,0
24,8150,4537883,15,200350,85,77,61,87,101,49,40,25,852322,308471,472158,206640,756463,3
28,9145,4897269,10,183242,97,42,80,43,83,99,52,44,305373,873816,663604,720460,786239,2
35,3416,4147044,12,120113,82,118,97,70,89,55,83,26,1177909,301852,5,5,5,1
31,5094,4679591,15,123295,84,71,62,117,82,116,105,42,973294,998745,756060,175062,241593,3
28,3430,4769697,14,149404,62,49,101,85,125,80,58,41,634218,126900,493022,554013,668947,2
32,11786,4173625,11,143253,114,41,96,114,96,102,112,42,85049,887718,89079,644831,453736,0
33,12093,4958475,12,107384,119,41,80,78,120,46,39,25,670375,623745,5,5,5,2
22,11963,4554941,14,185263,108,124,49,57,105,120,119,26,1033568,442277,31902,374338,530268,2
26,5616,4412655,13,166614,54,51,85,56,68,105,98,42,48740,323948,793752,149088,696235,2
31,4149,4808437,14,119762,96,51,98,51,78,116,43,23,1108462,628795,5,5,5,3
33,4243,4601266,13,176861,50,79,101,42,49,46,72,33,863832,935442,374297,735284,650853,1
34,9327,3938997,11,173434,57,39,122,60,53,64,107,31,1091152,232374,5,5,5,2
33,3421,4584887,10,115150,61,101,47,89,79,111,101,43,839121,1038449,793474,75283,104104,3
33,4884,4056331,11,184148,44,108,46,81,113,122,117,28,120531,1166083,407735,624990,612457,3
23,11307,4919158,15,128932,124,55,91,119,75,89,43,23,1046359,891604,764556,709044,219924,3
28,8441,4002375,10,111481,65,70,62,120,108,40,50,45,860507,630451,59284,87247,6583,2
25,9447,3882329,10,184844,128,72,120,43,87,73,88,43,489021,210741,684608,763191,277387,2
22,6052,4130219,13,144266,75,49,93,52,46,46,59,45,137712,1122999,561438,63145,806204,0
32,5732,3969417,13,152999,66,77,99,42,58,89,39,35,642535,46649,5,5,5,3
30,3271,3898204,10,104362,47,123,80,42,63,98,52,22,6677,48663,701239,747661,282617,0
23,7867,4534788,14,184436,108,68,124,124,87,62,45,44,767886,89546,5,5,5,0
32,6530,4983006,10,108574,76,96,120,122,78,84,73,31,608272,897438,10736,272287,634583,2
24,9630,4288885,10,141909,49,101,89,77,76,66,76,31,1198310,516304,201315,568404,381513,3
32,6006,3924503,14,150372,121,102,72,115,40,39,65,28,661503,1014179,796911,289981,704188,1
32,4081,4515597,14,153799,46,43,128,92,84,105,104,40,1178167,306083,581559,185583,690641,2
32,7993,4842435,15,222091,109,128,90,69,117,89,42,35,573257,10980,505988,414055,351522,3
29,10366,4335281,13,154631,44,126,46,57,76,43,58,33,456938,814534,5,5,5,2
24,11773,4960079,13,128064,58,70,114,81,62,99,108,33,405461,188422,170113,455089,510269,3
24,3134,4739740,11,205803,119,104,56,67,119,43,56,38,868193,883529,810028,46314,748470,1
26,6571,3823056,13,103432,58,77,88,56,114,62,102,31,643692,786581,356050,626376,331147,0
24,3557,4582212,11,150833,80,124,115,124,117,112,83,31,1046059,211913,702020,150270,78954,0
30,4400,4710249,11,138151,56,86,39,112,100,65,60,27,1130243,389681,40098,748354,273827,2
33,4192,4604304,13,186449,74,128,81,70,103,39,112,26,32563,216045,93324,64795,250003,0
31,3289,3928958,11,135685,50,86,118,116,108,102,94,37,878954,155138,5,5,5,0
29,11672,4790593,11,107937,113,63,116,115,39,62,111,29,80450,528541,5,5,5,2
23,8889,4553378,13,154821,96,125,96,110,127,123,92,26,1112981,1162757,5,5,5,0
31,4498,4326171,10,142356,96,80,111,108,100,95,44,25,29979,257343,5,5,5,1
24,10816,4443767,15,101419,65,48,64,128,80,44,109,42,35220,311897,666429,6198,696126,2
22,6617,4596361,15,150874,65,47,99,117,103,51,66,39,855441,875646,330021,35199,752337,3
28,3060,4528988,14,135460,91,126,65,88,39,96,110,31,1106469,1160952,472862,600228,546788,1
31,3020,3993346,11,149775,41,51,64,103,54,73,117,25,295779,125734,49697,251669,512412,2
25,9012,4242616,10,125473,113,70,91,43,118,96,44,33,496317,1076542,5,5,5,3
31,6227,4503431,10,113199,65,128,81,106,126,103,78,34,694142,869130,51949,261800,188617,1
29,10074,4025569,15,198432,54,127,81,68,101,110,125,33,683479,45321,310008,403402,242700,0
28,11951,4679689,15,120161,66,77,114,62,128,117,123,34,735499,669834,187088,302106,262297,2
29,5413,4020535,14,219049,64,111,116,68,127,45,51,27,1165630,147226,474342,296982,468563,3
30,10312,4309060,11,205557,60,75,105,48,84,51,62,29,565556,394455,119812,433322,527864,1
22,5047,4736716,12,100970,64,71,86,94,79,72,125,30,1181946,689599,676614,405049,385059,3
35,4520,3946551,12,225190,110,63,103,126,116,39,93,38,192678,743451,158287,574205,747035,1
28,8447,4524729,13,199373,121,82,113,47,52,87,56,22,12620,711094,5,5,5,3
22,5537,4766961,11,210409,46,120,69,48,81,84,48,34,1057579,1159366,101109,485781,776135,3
32,10537,4579520,11,129160,89,61,81,122,45,40,128,36,35744,828256,5,5,5,3
34,6189,4532416,14,97663,39,75,117,68,75,65,92,22,582741,1166072,5,5,5,3
23,6567,4781060,11,155310,127,83,113,99,79,78,91,39,643305,59579,306973,231915,642651,0
33,7089,4030882,14,171378,75,79,120,125,57,53,97,30,1059888,881413,771618,733042,102259,2
29,7421,4862376,14,104076,63,81,103,117,50,121,69,37,413669,1037024,5,5,5,3
28,9058,4935858,10,120118,62,100,47,79,107,106,56,37,435567,1153056,676132,722830,592366,2
31,11163,4183592,12,110861,98,113,51,67,51,57,126,28,740831,521735,379342,63117,94707,0
32,3511,4146039,10,113211,96,63,122,85,74,118,115,30,78766,368583,5,5,5,0
33,4446,4247913,15,187079,87,117,126,109,105,58,115,30,1200762,508679,223044,13136,222911,0
34,11977,3942894,11,106952,79,90,91,68,61,50,47,28,509917,694398,63687,270543,105332,0
31,3470,4718925,15,188741,53,77,88,41,122,47,123,40,1006627,1147164,757387,536783,79052,3
35,12082,4721279,14,130908,39,126,47,120,78,73,70,43,1116783,605407,5,5,5,3
31,9579,4857660,14,181806,120,43,127,66,104,125,71,43,153718,555767,549182,293314,458767,3
28,3496,4954074,12,154235,41,39,57,102,94,66,59,35,1181003,45881,641368,41068,238035,2
25,7102,4360235,14,97735,103,126,120,75,39,95,110,42,95488,614388,586102,220384,335015,0
25,6632,4019850,14,99024,99,94,112,101,115,53,52,40,1185460,883836,349719,248386,577112,3
22,7693,3966341,15,131459,74,76,43,127,75,89,104,39,902654,727227,5,5,5,0
24,3775,3928739,14,159474,105,102,66,56,62,110,55,34,1053972,283674,5,5,5,2
34,4299,4067565,13,153733,107,67,63,63,91,99,61,43,607176,559364,5,5,5,0
35,3073,4417768,13,194553,91,81,115,96,87,90,120,30,277421,153666,119237,369313,132642,1
26,8021,3962246,10,104747,72,70,117,109,84,97,48,32,366207,566522,44804,435389,700298,2
26,8870,4818572,14,135689,101,63,88,73,120,39,102,24,1114527,518344,611557,456092,402753,0
31,4196,4076324,12,150065,89,113,52,39,54,86,78,36,886656,460080,591040,621014,20645,3
24,5506,4014208,14,137519,122,45,49,39,81,87,107,44,74755,517010,405158,618853,524037,1
33,9016,4041846,11,199856,64,117,44,51,99,40,94,36,441534,54509,178600,541897,578231,0
28,7320,4821846,15,212693,44,64,62,75,118,93,80,39,993447,131767,567333,248711,227876,1
23,7766,3961979,13,125625,109,89,42,60,42,72,55,26,620102,544738,740639,468459,208323,1
25,11110,4127397,10,99699,88,108,124,119,116,113,87,37,632868,342096,5,5,5,3
29,3199,4412011,11,141043,56,61,117,120,43,69,68,27,175023,353495,269933,764382,195465,1
35,10912,3899032,14,154289,124,89,68,62,47,64,108,28,228980,903786,802517,69016,69138,3
28,8540,3865308,11,94335,64,42,123,57,81,110,97,26,185681,591360,777293,163500,517562,2
32,3338,4774865,15,178865,126,55,71,40,74,84,52,35,166704,510413,641403,340644,326922,0
29,6497,4883746,12,207806,61,57,98,54,86,103,103,26,247759,920273,5,5,5,3
29,10412,4946544,12,112572,109,74,89,100,64,47,112,29,588805,771949,87559,472945,493038,2
22,3951,4006560,12,162723,40,88,118,43,90,114,69,32,623177,1190710,215061,553419,168716,1
32,8755,3988868,15,197207,95,73,61,119,105,56,105,29,1064237,251779,5,5,5,2
29,7257,4241990,10,205908,70,97,104,74,47,48,81,43,139872,76161,515730,2460,696074,2
35,11788,4533216,11,195413,82,67,103,123,122,50,122,42,318973,876334,5,5,5,1
24,9315,4623350,10,216892,105,108,126,92,64,60,64,42,545415,616227,5,5,5,2
29,4534,4971595,15,222065,121,106,78,71,92,48,93,37,597056,426078,5,5,5,1
29,10923,4641445,15,214774,64,116,106,122,59,109,58,29,386150,251291,423148,243237,75737,1
24,6498,4374130,14,104980,73,65,45,53,41,122,43,24,792843,929584,157050,711529,168646,0
29,9159,4744028,12,188374,122,128,97,114,102,69,104,40,302953,973506,531371,244027,79404,1
24,7664,4209635,12,122349,43,66,106,124,101,108,74,45,885541,803035,695353,651314,175312,2
23,10236,4797923,14,101512,127,92,94,113,96,126,108,39,272507,1061189,230947,201997,293804,2
23,6645,4958205,12,98996,115,105,126,103,126,66,75,26,966763,49518,189919,15496,433310,3
32,3403,4643701,15,112832,122,75,124,58,42,60,82,38,171203,114943,5,5,5,0
27,11489,4542344,11,180872,97,96,75,86,58,104,111,31,685564,441952,571415,220033,739954,3
22,11292,4014444,10,114478,59,113,67,93,103,41,64,34,44908,854758,504784,141741,602402,2
35,4190,4858422,13,189224,53,50,50,118,65,123,39,26,716366,621482,146093,427928,194148,0
24,9313,3855669,14,129179,55,92,83,120,92,105,121,22,31384,1185152,239797,792157,32414,0
35,10240,4953619,15,107047,65,126,117,51,109,85,39,36,20495,854154,646250,435109,243221,1
31,9342,4476159,13,96575,121,62,110,57,116,77,84,36,412610,296747,105295,214813,435383,0
34,4037,4233780,15,190039,44,74,43,122,115,68,52,44,1022932,960844,5,5,5,0
28,7045,4622035,14,101254,95,127,57,124,87,120,75,40,265822,813,520004,484017,456419,3
25,10534,4249556,14,117342,52,93,116,76,58,54,65,33,577526,110248,657544,449204,140926,3
32,4114,4865680,15,203358,44,89,127,53,87,43,44,44,402058,52842,58984,396081,763804,2
30,11277,4660354,12,182047,86,83,69,62,43,63,74,42,346697,214740,426779,808142,377372,3
24,6445,4056566,15,188476,69,67,115,114,113,115,89,31,213341,401079,537296,806605,483906,3
24,6848,4653695,14,135012,49,55,95,39,126,67,45,38,575377,758607,606681,46898,238529,2
33,5234,4906158,12,190314,61,120,113,75,88,114,99,43,486467,45990,45578,733292,19572,1
29,4164,3867490,12,102537,91,110,73,66,90,112,124,30,1097975,334359,5,5,5,0
33,8837,4406546,13,209310,73,67,106,64,79,119,91,30,115811,210453,4854,711697,679948,2
34,8169,4712432,15,165780,41,105,97,82,92,48,50,31,46230,258346,275207,355833,344950,3
24,4173,4503658,15,155374,50,39,51,77,49,72,68,43,1051365,974708,455605,309762,50172,0
28,6818,4047683,10,104055,78,81,115,107,110,125,51,35,159588,580616,5,5,5,3
28,6809,4102546,13,171370,43,110,99,66,101,92,72,34,709742,179139,557264,384505,271373,3
33,11101,4133201,10,213350,82,115,74,78,44,116,124,40,184054,233610,5,5,5,3
22,5315,4940743,13,183372,63,80,53,64,104,62,105,27,844758,334274,364269,182617,800950,2
28,9958,4315483,14,109967,90,92,40,98,97,116,106,23,356961,417593,274776,600159,781340,3
22,7101,4685105,10,114231,60,100,101,98,110,112,62,29,444388,701513,116313,738697,258959,0
23,5121,3858981,14,124945,87,93,40,94,39,120,117,30,242362,731627,5,5,5,3
24,5711,3999714,11,180628,104,121,80,91,75,72,110,33,726981,661138,198581,709272,478012,3
31,4670,3934642,10,165581,42,69,82,113,77,42,120,33,983281,1004336,530158,134154,50177,3
24,3965,4811510,11,217947,54,106,54,124,44,59,107,38,702781,113447,5,5,5,0
27,7721,3835022,11,211897,48,72,112,49,101,57,61,37,704496,1113284,469944,104601,625871,2
34,5196,4519900,11,134800,72,95,104,58,118,116,41,35,296084,1076695,675155,628420,13132,3
23,5925,4031637,15,116558,86,109,118,119,55,103,84,32,169624,786017,669076,531187,282524,1
24,6057,4300774,11,222135,62,91,116,128,41,70,106,43,243433,981370,12504,360015,753383,2
35,11842,4715089,14,106941,73,78,55,106,80,93,69,24,850944,906534,692292,433418,16882,3
35,3956,4316260,15,112273,107,127,98,116,91,114,76,41,632893,450196,368416,376627,703989,1
29,3299,3850422,12,204574,68,40,64,67,84,80,68,32,325264,269511,447718,581441,308291,2
33,7331,4029599,15,180520,63,42,78,39,97,88,104,41,65906,536725,5,5,5,1
34,9151,4011540,14,226071,48,83,69,85,69,51,57,24,886679,778920,5,5,5,1
28,4277,4553831,11,104272,116,91,75,104,96,64,60,41,906029,530353,5,5,5,1
27,7051,3985694,14,225816,55,41,120,91,92,59,82,32,787414,915070,540692,632751,447638,0
29,8978,4712430,13,119429,128,125,120,47,55,80,110,31,1040347,702553,650227,220514,242273,1
31,10686,3832765,11,100951,124,48,81,99,66,42,99,35,1002713,547433,443426,286618,379111,3
34,10176,3995156,14,138206,41,49,118,68,106,85,126,25,275162,324849,202981,499853,523634,1
26,8093,4144255,14,217810,95,75,73,93,43,90,127,38,1121894,95572,5,5,5,0
29,10104,4828742,12,131376,83,104,116,109,60,53,84,28,87557,139368,47678,697035,26909,2
31,7947,4232027,14,202185,64,64,102,63,108,125,94,35,510677,77648,507580,432152,801219,2
26,5775,4070443,10,196877,100,47,107,86,120,128,101,27,1009,161972,82074,607777,675770,0
29,8107,4692211,15,176587,42,70,58,70,85,124,86,38,774960,421195,740377,37645,420645,3
33,6489,4026535,14,165557,51,62,71,89,128,45,80,26,759302,984611,635394,308730,791932,3
26,11481,4868830,11,139675,111,125,119,126,61,119,112,33,181687,373153,5,5,5,2
34,12088,4024690,12,105173,100,100,68,79,108,125,50,37,119731,1160433,5,5,5,3
29,3065,4014324,15,182702,52,97,58,103,55,110,53,25,836048,676883,216272,690848,351515,1
35,7071,3863399,10,190523,107,102,81,46,101,102,103,27,863117,1122984,33780,758080,51042,3
29,7136,4625248,10,211363,70,102,76,58,111,95,58,25,993940,992652,96482,334897,762760,3
33,11135,4651798,13,97982,108,71,128,40,75,110,104,35,981403,1180316,305523,695987,559241,0
34,8029,4147452,13,160577,65,93,52,70,111,92,75,33,369152,263831,5,5,5,0
30,9268,4242488,14,212116,54,68,54,86,56,88,71,35,637747,464347,458752,10720,780768,0
33,5602,4851709,12,137549,78,114,93,69,122,44,70,36,1008654,1098917,84409,42874,138811,2
27,9032,4676685,12,93242,89,48,119,117,67,103,58,33,475193,255451,5,5,5,2
35,7127,4541317,14,144574,124,70,75,105,76,44,125,33,110906,307423,5,5,5,2
33,8399,5000542,12,182437,109,89,113,126,72,65,49,36,889305,712668,407713,146131,750718,1
23,6757,4474107,10,99334,73,66,68,71,75,75,66,45,519256,1114901,5,5,5,0
32,4796,4341289,15,104480,114,80,58,48,55,93,48,22,53277,409795,5,5,5,3
27,11854,4506553,15,165628,104,76,114,76,80,52,44,25,756184,1107881,438728,735273,181656,1
35,6524,4591254,13,130036,127,120,47,91,100,104,109,43,352978,786265,476224,239888,361070,0
28,8877,3818313,11,134458,52,112,110,123,62,101,124,45,1083904,688824,533543,126976,221967,3
34,10532,3836618,12,148115,112,76,109,127,72,58,52,25,1077028,1200118,245080,331108,475093,1
27,10338,4195004,13,143012,116,44,76,70,73,108,89,38,913258,727444,7514,561808,701513,2
22,3153,4152861,11,209054,69,92,42,101,107,78,112,30,521841,96063,5,5,5,0
24,9460,4780832,10,210702,64,69,60,96,46,72,110,35,934309,192505,5,5,5,2
28,4691,4511138,13,131284,84,126,112,47,55,101,88,31,495304,235276,289843,29142,71730,0
28,9660,4400525,15,108681,41,112,70,71,72,69,51,38,516673,1166708,226583,445994,243358,3
23,9479,4997621,10,150714,40,85,56,67,47,102,60,22,460257,825407,238841,188933,170542,1
34,8846,4383899,14,105645,127,115,104,59,42,73,50,22,322386,353440,5,5,5,1
28,3723,4908525,11,165661,96,115,82,59,56,42,95,40,1038855,716660,578399,372689,1876,2
24,10418,4812876,12,155107,106,60,43,111,56,57,101,42,257057,331879,5,5,5,2
29,3619,4072225,14,222603,39,115,83,109,106,59,70,34,313122,127960,102773,478295,627132,0
32,5950,4264881,14,106664,114,57,76,81,83,85,126,27,262530,1034495,637328,500068,789514,3
28,5162,4395700,11,136289,124,107,103,43,66,107,112,39,698898,569879,3853,293317,411309,0
22,11959,5015030,15,152542,42,39,64,95,80,71,81,31,232681,970417,5,5,5,3
22,3205,4930045,10,209664,124,87,52,75,100,103,120,38,103566,1161260,538076,728376,37937,0
33,10501,3844696,10,135467,69,110,45,97,120,72,48,30,408798,202081,126145,78603,290908,3
29,11065,4277712,15,95034,111,91,75,77,120,46,52,29,749313,1036481,5,5,5,2
30,7849,4513625,15,95819,50,54,95,121,90,98,44,24,901969,1144390,488767,558989,774301,1
34,7231,4910766,12,182923,113,63,93,64,89,108,90,30,1070994,628462,447224,633957,221751,2
27,6761,4713255,10,103368,82,91,117,99,72,81,110,41,813754,862869,145699,575234,58291,2
24,4253,4093975,11,188362,120,63,59,120,88,94,112,27,582316,261617,473309,719010,172800,1
33,6115,4224604,14,168505,62,65,102,100,64,48,118,43,28011,857533,155006,298881,130180,1
34,9763,4674677,12,194510,89,80,81,114,44,100,116,24,1170887,849114,5,5,5,3
25,7582,4136828,15,176027,104,80,94,79,54,41,88,37,493015,293593,5,5,5,3
26,9886,4748482,11,186693,83,126,64,66,82,56,115,29,948095,158621,486617,109001,687965,3
28,9678,4874479,15,201699,105,51,117,47,47,79,70,42,1097675,1194882,113114,467970,321060,3
32,8952,5007092,10,171841,63,48,72,63,126,122,70,33,1020007,883170,507233,788062,217167,0
34,4639,4747682,14,102811,59,115,59,111,52,81,107,30,241404,661018,404374,53656,485646,2
31,11728,4763038,14,190257,118,46,44,83,61,97,116,43,736702,849596,257086,625547,730101,3
32,10792,4173448,10,184030,89,41,71,100,59,58,107,22,1113001,582367,522659,7115,77147,3
28,7726,3982200,15,174958,65,77,124,82,58,108,128,40,1160576,1126081,412610,743916,631614,2
27,3252,4916421,15,186598,44,79,40,128,104,65,61,37,993791,484732,665804,286453,444385,0
28,10680,4398428,14,211047,50,93,105,53,69,78,56,24,871959,1037707,693817,37841,234830,3
28,6227,4742766,14,208108,47,43,72,90,75,68,80,39,62410,34570,256112,105106,587180,1
34,3840,4393271,15,105345,107,112,82,117,109,41,72,38,1122292,339653,11589,430690,740592,3
35,7523,4140662,11,215007,48,122,69,77,92,121,126,25,707143,90339,5,5,5,0
32,4621,4646359,11,151135,73,84,115,108,49,88,59,28,37396,26132,339327,460243,337225,0
31,11161,4812232,11,176180,65,114,123,115,117,104,89,28,732829,151521,318954,703505,753832,1
31,5542,4735335,11,122606,102,99,95,86,64,118,73,38,452959,539898,5,5,5,2
31,11834,4763214,10,95191,108,126,64,63,119,51,116,22,535019,880812,5,5,5,0
34,8219,4003477,14,217699,49,54,127,60,39,110,46,23,149650,208611,266578,53715,481377,1
22,6673,3853907,14,207921,55,72,84,53,115,101,84,35,680557,885682,144870,215357,262795,0
30,6600,4585909,11,223667,76,78,62,82,69,122,67,30,1150801,1011854,5,5,5,2
33,11530,4773911,14,158409,65,58,59,84,40,62,67,38,1135282,381250,5,5,5,1
35,7577,3964346,15,120180,102,60,66,51,72,90,69,26,716104,521782,562176,70712,385314,2
29,4595,4876601,15,206801,101,45,93,124,61,93,107,42,591420,377040,661248,644264,635740,2
30,5493,4478141,15,125518,124,118,128,47,57,126,90,25,176277,460756,5,5,5,1
24,8777,3864072,13,154397,102,73,49,77,60,90,107,40,374290,329438,540859,343295,731819,3
26,5264,3872290,11,142009,100,60,117,110,104,112,69,26,213797,836777,5,5,5,0
22,4678,4662925,11,120931,75,107,64,102,120,100,45,34,579145,45739,690596,698654,163193,3
27,7009,4138780,14,117759,58,65,43,110,104,44,115,28,140523,316735,587022,555941,362382,3
24,10780,4919224,10,159069,108,100,91,98,92,43,109,37,1143628,1079317,654963,217437,441129,1
28,11530,4793503,11,101143,119,68,53,112,80,116,120,41,898542,71333,5,5,5,0
27,7856,4250667,12,138862,102,84,123,115,77,108,69,36,1045520,707964,275618,742083,711483,3
31,4330,4853740,14,116873,126,71,83,48,79,43,111,31,963179,952973,331275,547203,306884,3
24,3340,3820024,14,121333,111,111,46,88,53,82,92,31,62812,1075908,5,5,5,1
23,8354,4462038,12,147519,76,75,116,108,94,51,49,44,23893,451968,44333,766397,423910,0
27,4351,3912659,11,161907,76,77,47,121,85,125,50,26,56964,165090,273876,15512,532412,0
34,4084,4959712,13,131756,63,117,65,86,49,85,95,45,275677,1031570,625569,65041,412651,1
32,10280,4998371,12,218554,43,77,51,103,44,119,58,24,566657,1167851,80584,284760,403160,1
27,4909,4893839,12,177148,62,39,81,72,75,102,90,45,830678,635605,277422,693727,413818,1
24,5106,5012914,14,188339,91,109,84,84,52,103,91,45,97522,884503,132192,231614,298196,3
26,11961,4105398,11,126058,63,121,71,56,77,128,55,40,709363,70200,337566,488818,291095,3
26,5478,4030849,14,131136,117,42,52,119,124,62,78,23,517231,684219,769505,127282,502421,2
22,10146,4309326,10,98746,105,106,102,49,50,39,61,34,1067073,1200201,384073,590470,152129,0
29,6527,4926510,15,153215,69,94,55,112,123,75,62,25,322233,175949,470930,365677,108312,1
34,9460,4930579,14,219575,61,128,126,55,70,85,123,37,656468,459655,450774,152436,297179,0
24,6045,4182711,11,150370,121,105,66,118,39,50,97,25,353743,306076,5,5,5,2
33,3463,3962443,12,167190,91,48,90,93,128,63,102,30,694688,820756,96290,789546,17677,1
26,11620,4747333,12,177261,78,57,113,118,107,84,80,28,325694,1034008,275095,214566,635157,3
23,6139,4115712,14,117174,71,106,115,101,94,105,91,29,235260,709314,438392,768074,407497,2
30,4089,4962886,11,199421,71,87,110,59,46,81,78,36,1032639,971764,427100,231733,796576,3
24,4333,4956331,11,150509,88,96,75,122,52,102,90,37,1041391,1110108,5,5,5,1
30,5846,4997222,13,155448,68,112,96,72,122,102,98,31,1110273,983417,15289,410594,78443,3
33,8146,4754111,15,205147,93,89,43,123,93,76,106,23,406731,546523,522624,571868,163759,0
28,3382,4597818,10,169421,96,113,50,113,63,76,46,29,260655,7363,350879,430478,588231,3
22,4895,4474384,12,153871,44,78,122,57,100,39,87,26,501645,878138,617435,625174,670209,3
29,10301,4841479,15,130102,93,85,62,56,85,118,40,33,771534,30212,270129,500462,406081,0
24,11336,4082556,12,197434,115,75,68,45,118,48,68,25,468525,672564,21216,252240,234905,2
31,11117,4380754,13,116249,66,57,63,43,77,58,89,40,848350,1159851,358851,689684,313409,0
23,4155,4829558,15,172540,101,90,68,104,92,66,104,31,784651,358652,5,5,5,3
31,11988,4322276,11,159891,59,55,125,48,70,46,79,40,797674,1133138,729033,95770,227005,2
29,4848,4460520,10,131478,71,53,104,46,112,58,51,44,1081458,552815,595977,775744,246027,2
27,6133,4378969,11,220166,100,66,125,96,118,110,112,24,318880,312731,468878,249841,363809,0
25,7470,5018451,14,96303,77,106,43,76,77,103,116,41,982771,995942,5,5,5,0
23,6917,4001067,13,197011,86,71,125,114,65,108,70,31,370660,294683,656490,476787,586703,1
32,11547,4910221,11,150319,128,124,71,75,64,94,77,38,959371,600996,493891,295664,759722,3
32,11030,3849855,12,138358,95,45,64,102,58,72,127,41,21844,1159804,256010,479399,332600,0
25,7716,4754510,11,135805,91,73,72,93,96,76,113,39,607344,872424,5,5,5,1
27,12064,4842733,13,204409,123,128,45,106,42,41,119,31,161215,153289,323035,225352,265038,0
29,5994,4044419,12,217018,112,115,119,123,106,119,97,34,1190662,14287,556670,771412,100993,0
29,9322,3833061,11,143999,49,72,98,51,59,118,62,44,957663,108497,66369,660145,131353,3
25,11551,4427047,11,168713,111,87,114,81,112,126,82,45,965838,780384,142782,399570,60269,1
33,7082,4717497,13,101546,93,117,90,56,60,113,78,27,152022,955068,5,5,5,1
24,12061,4798266,13,219750,76,94,81,89,56,99,60,30,1181833,811141,534294,285857,260052,0
31,8913,4110872,12,193061,108,90,79,42,44,105,99,39,423470,1118556,402975,602173,184416,3
35,6195,4083545,10,208754,103,112,53,67,52,39,128,25,569975,540598,477535,348122,354382,3
29,8690,4983657,11,114794,92,90,83,114,83,55,93,40,497715,517166,5,5,5,1
31,5307,4092045,15,179347,110,115,85,107,113,65,83,32,882057,32474,249978,20468,198005,2
23,8289,4433419,13,148321,109,87,77,112,65,80,106,23,590810,787879,140262,805717,326071,1
28,6356,4514544,12,205705,60,87,85,75,69,87,123,36,108889,162976,5,5,5,0
25,11261,4220383,12,146803,97,118,110,41,73,82,117,38,958536,211540,768994,98254,303761,0
35,11648,4758353,12,190574,97,105,116,41,72,47,124,34,972091,1191316,321731,688878,12170,1
30,6681,4455329,12,98200,55,68,72,127,81,125,43,30,1151206,230488,267320,275295,555516,1
34,3493,3926545,10,178928,113,120,76,73,92,40,107,35,459645,687250,571950,586290,796129,2
24,7146,4413316,10,219963,110,50,49,61,106,86,43,26,269253,1008630,5,5,5,1
28,10116,4814662,15,149869,75,108,57,118,117,81,71,23,740639,1009204,495981,258801,433673,1
27,10968,4412165,14,172908,89,46,97,78,106,69,70,33,45310,546394,5,5,5,3
35,11467,4351440,10,199409,120,103,97,85,65,62,102,37,977635,875545,5,5,5,2
32,3115,4220659,13,99419,118,83,77,83,127,103,97,35,235213,166819,5,5,5,0
25,6731,4744840,12,158291,67,122,81,45,123,121,76,32,550305,264323,355957,244458,716965,0
31,6543,4725621,11,107524,48,82,63,101,106,50,111,39,784009,605714,5,5,5,1
32,5434,4711891,15,107736,102,61,74,87,52,114,48,30,1090734,774,29413,107119,51378,2
22,4138,4449005,10,109164,71,54,119,79,101,44,127,42,933951,330785,5,5,5,3
31,7031,4603100,10,126799,83,109,113,43,126,119,104,36,158141,786429,323506,97210,574586,2
33,4802,4131917,11,182775,80,110,126,72,119,64,92,45,705897,1193568,399895,328080,7921,1
30,10452,4945416,14,102905,66,53,88,84,77,70,104,39,44160,1100924,298143,204872,102990,0
28,11065,4002769,15,148857,128,128,100,71,51,66,120,26,262262,595314,207550,87531,607145,2
25,4119,4724628,13,199651,112,119,57,114,89,117,76,45,821387,552417,483432,673665,214711,2
33,10824,3854457,13,211004,59,45,125,89,124,117,71,31,566406,944911,5,5,5,2
34,4976,4727270,14,212136,105,102,42,68,46,39,60,32,1042144,560601,5,5,5,1
22,4580,4489031,14,170489,70,103,52,90,119,41,57,29,590244,290610,256588,94684,544054,3
27,3255,4256777,10,112791,51,119,124,113,102,94,102,23,1157061,138969,5,5,5,0
23,4733,4386821,13,141448,43,53,63,107,50,40,120,33,763019,863907,497475,168297,263820,1
27,10150,4841775,15,138863,48,94,67,103,104,48,56,45,855084,426864,5,5,5,0
30,11360,4874465,13,140297,89,89,63,120,70,51,54,43,1067881,1140252,24882,358599,781633,3
26,7255,4136958,12,142869,110,107,64,117,93,55,59,36,272423,1186503,660245,555642,498567,2
28,7999,4469165,14,181475,73,78,43,124,41,106,120,28,1197511,1193499,5,5,5,0
25,8574,4585713,14,210097,45,67,114,73,96,127,39,43,1181651,51979,571614,327351,401611,3
30,3518,3816997,10,95571,73,57,126,43,95,45,105,39,1153060,700219,457674,28601,151396,0
27,7823,3977880,15,216247,118,126,118,71,116,40,87,22,965355,988957,797579,244230,186971,1
22,5290,4096023,15,115587,79,86,59,75,60,104,102,31,968689,534802,377466,49594,206307,0
33,7498,4187507,13,126990,63,39,40,60,127,95,40,27,808922,1027830,5,5,5,1
26,4704,4912864,12,137062,122,104,95,102,55,53,52,24,1000056,1016938,396042,365600,498597,1
28,5300,4808183,14,167031,66,124,119,80,113,89,78,36,909211,977634,350309,74816,666963,3
31,3355,4591821,13,101497,69,95,114,127,120,111,124,32,757134,594740,130147,428943,442288,2
24,9567,4538153,15,196107,128,120,72,72,39,68,75,38,582352,988905,5,5,5,3
23,4797,4054154,14,175906,70,58,100,112,80,76,101,43,508849,130739,43228,300616,92124,1
27,11047,4579551,13,93708,49,52,56,121,74,109,124,42,983930,702641,5,5,5,0
34,11795,3907597,14,184386,56,116,106,49,115,72,68,33,701129,42888,372197,175078,141409,0
34,9800,4737638,13,205427,75,113,98,63,122,125,99,29,807008,586828,661203,266715,418512,1
28,5536,4760400,12,148040,96,95,93,80,120,123,64,44,609182,777031,278122,408,194658,3
35,11149,4768862,11,144998,100,48,51,107,67,107,86,24,32910,235261,644774,290701,504206,0
35,11297,4044641,15,165374,122,115,96,97,117,72,65,23,600883,924225,5,5,5,2
32,3425,3898434,13,147897,125,124,93,123,47,81,116,22,544704,1018199,204336,378525,580794,2
26,6914,4368959,15,136177,120,122,44,116,92,62,70,40,204273,880141,52015,388638,557589,0
33,3568,4226945,14,176380,56,99,47,65,88,59,115,34,60079,713002,334269,578309,90429,1
35,6340,4276239,11,213577,84,49,88,117,104,127,47,23,755278,155670,102988,8196,517426,2
25,6792,4466482,14,186980,40,86,105,116,99,72,125,30,331442,158425,663773,540462,111650,1
30,8185,4857663,13,93034,68,60,98,64,124,55,119,27,73948,1168352,519804,208642,685730,0
23,6038,4057999,13,127765,48,45,122,52,71,95,63,45,384512,1012307,301092,345055,574121,0
31,9667,4134614,15,102576,45,89,65,86,119,102,61,24,759098,520844,189758,184255,455410,2
32,9158,4483772,12,155738,93,79,102,79,90,90,80,35,628478,816818,5,5,5,3
22,8974,4543927,15,173111,46,73,55,117,63,73,120,40,971183,269306,753546,63435,775018,1
27,5494,3909071,13,224067,78,82,80,110,65,114,98,41,327235,364211,306840,656122,792308,0
26,5869,3992318,15,174996,55,95,75,83,66,75,126,33,662359,883436,718653,80159,375288,3
23,10224,4791160,13,201757,87,56,91,124,58,78,82,39,258459,84662,798555,657538,506795,3
34,8035,4896464,11,149506,117,53,50,80,120,66,86,34,614951,314296,83690,671490,135145,0
24,6509,4142882,13,123988,112,81,110,71,41,96,41,24,578646,396845,359100,636620,417569,2
31,3659,3966756,10,124753,127,74,116,62,54,62,68,36,893481,767802,318670,563483,588896,0
25,5628,4685008,14,153657,42,73,58,54,47,100,80,26,34963,485869,5,5,5,0
28,4889,4120854,13,183597,98,122,71,56,47,88,70,39,397116,459102,74189,78533,79245,3
30,10834,4163349,15,128061,47,42,107,96,82,55,92,41,534359,827659,562615,706274,342911,2
30,11300,4828227,11,183490,107,102,82,117,104,64,54,27,568575,779412,5,5,5,2
24,10443,3912881,15,152933,86,79,114,120,117,62,79,36,401354,886153,312735,10314,88019,2
27,6441,4075477,11,118742,42,118,67,111,48,107,101,45,272600,91626,404523,674101,242552,2
28,6692,4701615,15,118502,104,126,101,51,76,74,80,24,943275,98642,5,5,5,0
35,4279,4796181,14,203108,99,90,118,71,105,64,84,23,76645,636923,18502,102445,243741,2
33,8529,4664665,11,143421,100,55,88,42,122,50,51,36,1199901,844012,5,5,5,1
23,4602,3886252,11,162964,112,89,86,116,113,123,123,37,982161,1049576,400177,614535,570169,0
27,6599,4448466,15,190642,53,124,62,76,57,46,93,26,506756,359181,743399,405175,162983,3
34,7758,5011388,12,175555,108,126,52,89,59,90,82,28,675467,698450,201914,702381,720497,2
23,11093,4483428,14,199402,93,126,56,89,81,125,100,22,709477,269098,5,5,5,3
22,8567,4328249,13,143623,121,97,56,68,86,51,60,25,581841,202483,787967,464681,339519,0
32,5906,4765763,13,172049,74,98,115,73,74,67,64,26,665011,478341,5,5,5,1
22,3007,3925873,15,143494,90,47,62,80,72,77,69,30,1194936,309523,390517,520978,546273,2
32,7850,4694155,11,189845,61,97,49,88,112,75,73,29,792005,55466,500469,78562,753983,2
22,5779,4475274,14,131739,77,71,113,78,84,115,82,35,1086994,911423,60744,735994,36073,2
30,5429,4696108,12,178301,67,107,94,50,71,98,62,25,1183216,1039978,69432,383873,509684,0
28,6006,3907022,10,160288,41,46,103,93,104,126,104,41,673630,468365,348659,348205,148424,0
33,9726,4210312,14,107763,52,72,43,117,66,87,97,36,998918,1129836,795047,788983,458668,2
30,11244,4085673,13,96824,84,62,72,70,42,63,126,45,798046,1049332,5,5,5,1
28,8086,4859750,10,195015,111,44,67,39,102,124,116,40,515137,189882,135854,300755,780048,0
30,5974,4686526,13,163302,92,84,51,87,43,120,107,45,1044279,122008,5,5,5,3
30,8067,4415338,11,180207,70,120,81,75,110,76,96,31,928235,1144046,5,5,5,0
22,4265,4133045,10,222555,83,47,125,73,122,120,67,33,259977,474454,388460,67799,387088,0
24,10815,4516593,11,176105,100,99,90,107,104,90,39,32,108968,266547,136213,25382,34204,2
34,8872,4921113,15,131510,86,86,82,112,118,86,93,38,619268,1042310,7212,794696,102147,0
31,8148,4566057,15,144324,125,55,109,84,107,57,84,43,286658,771905,87375,114617,526331,0
32,9792,3942444,11,94713,48,65,90,128,50,51,52,36,866016,1198350,5,5,5,0
32,10473,4537995,13,175333,74,52,74,43,49,79,79,39,1158834,144747,5,5,5,3
28,4075,4502561,11,160025,80,81,69,39,78,96,116,24,450668,649556,5,5,5,1
25,5224,4158236,10,105441,62,109,56,107,92,50,82,36,625921,544270,11734,298234,282630,1
24,4298,3917330,10,180647,53,78,77,103,121,94,66,22,529157,176844,5,5,5,3
27,3665,4243558,14,161546,68,51,104,85,96,66,91,25,467691,321904,526499,663100,444803,3
34,10903,4875799,14,217530,117,71,104,103,49,94,50,37,965013,633217,5,5,5,2
33,4517,4795959,12,212935,121,61,49,46,125,75,105,29,1018717,966926,202928,95479,57257,2
22,10347,4033250,13,198933,94,76,46,50,42,111,87,32,967553,463037,5,5,5,2
24,11641,4075431,11,140704,105,103,98,73,73,108,123,34,161369,5727,409425,313302,69919,3
31,11028,5004447,14,222475,123,63,70,77,56,68,75,26,1101693,45456,358248,618882,733035,3
35,12008,4461091,13,205459,108,63,48,47,107,94,88,22,1119353,505423,509532,405414,37122,0
34,7376,3932014,15,149153,79,64,86,123,54,105,39,34,368929,871981,330284,335217,192369,0
29,9850,4610239,15,105557,102,60,54,66,97,114,61,36,129919,1193018,161682,78092,309807,2
25,5202,4225541,14,204056,86,104,102,48,68,64,115,24,544755,1173393,531800,607666,288955,2
31,6055,4379233,15,108039,77,58,69,99,118,96,78,24,743144,619296,109153,221749,802870,0
30,7931,4919637,10,216101,110,89,67,88,93,64,120,43,543989,66631,550894,287121,735390,3
22,4229,4657725,12,141628,51,88,43,62,43,118,83,29,947125,1092617,421667,437934,219305,3
23,6364,4421364,13,205117,102,76,117,120,45,65,98,26,170790,243452,786549,379478,588450,3
27,7507,4842331,10,179346,117,116,107,102,39,98,62,44,94136,433539,5,5,5,2
27,11238,3939394,11,161000,115,91,64,77,40,105,51,33,536668,572542,5,5,5,1
26,11927,4997691,10,204004,65,115,89,108,80,119,46,26,559273,1122661,443091,360077,339703,1
35,4099,4746206,15,193758,42,63,57,108,72,43,125,30,827084,862681,5,5,5,1
34,10171,5010655,12,222021,56,73,43,121,72,116,61,23,890538,482805,612443,433902,792365,0
22,7109,5006446,11,126800,45,121,104,106,54,83,56,37,147113,1199513,65301,441833,354377,2
28,10022,3948742,13,128781,47,48,102,95,81,85,127,28,252529,312170,147415,419945,530547,1
28,10303,4830312,13,197486,68,81,62,93,61,99,43,26,459679,1164871,5,5,5,3
28,6361,4123271,15,108400,123,48,80,71,40,86,91,38,250441,955800,355213,201101,428895,2
33,5063,4377126,12,128570,91,101,106,49,44,62,123,25,33911,77276,5,5,5,3
35,4084,3822597,10,93785,57,83,58,69,111,82,50,38,1136868,474501,301099,657409,327587,1
35,11656,4135975,11,134296,39,63,79,128,60,107,49,42,1125784,910120,76625,92165,195606,0
27,11472,4174814,11,222739,123,125,42,84,97,106,42,25,958692,273602,798990,398002,369675,3
23,4387,4735873,14,177677,80,48,76,120,82,111,101,43,594248,1156859,436512,728279,685286,3
27,6430,4824919,12,117713,63,65,43,85,47,84,40,28,346183,963253,116113,246031,635613,3
29,3609,4198764,10,178879,94,92,71,66,50,41,53,28,491422,701016,416140,118480,32343,2
35,6174,4649554,14,123260,51,125,48,58,79,125,123,25,199538,922595,39138,48988,714609,1
31,9956,3939529,14,196433,78,81,90,48,68,83,128,39,855099,102520,407306,220006,405497,3
31,9023,4243083,13,197941,57,52,85,94,71,72,72,41,331203,921725,445878,655122,225293,2
24,9430,3928735,12,209650,117,56,68,66,41,49,72,40,759625,43333,5,5,5,0
31,4250,4470537,11,220661,83,55,127,55,46,110,121,45,170527,1088486,72854,795019,433726,2
34,3783,4550405,15,150016,45,72,93,118,126,60,74,25,1086933,382959,546030,699551,571742,1
32,10778,4003027,11,195619,39,40,56,71,58,39,44,32,913469,421400,380007,791849,99416,1
35,12078,3840198,12,160031,112,70,120,99,72,83,118,34,512261,741805,179888,385271,66591,0
34,7058,3955993,13,133914,83,128,44,59,74,105,57,29,582807,1080794,742639,102134,525228,1
29,5034,3910766,12,96765,114,127,123,68,58,65,56,31,26829,1176777,529497,162428,202950,2
31,5151,4838185,14,105615,108,50,102,76,98,102,100,35,267632,404984,5,5,5,0
33,9808,4104366,14,199309,62,86,41,58,125,51,50,33,667355,719625,5,5,5,1
22,10965,4780000,14,190428,124,107,73,81,65,51,120,29,120273,402330,293882,733744,806425,1
23,7514,4097706,12,161937,54,55,113,81,69,42,105,42,704399,434592,234065,393682,716987,1
33,5041,4143165,13,120871,115,93,109,48,56,76,100,43,118984,366238,13412,575116,331599,0
26,9743,4035033,11,222975,128,127,42,72,121,105,98,32,733953,351319,5,5,5,1
34,3177,4706874,14,115724,97,122,108,103,93,111,91,41,1172090,659789,249012,71275,284602,3
24,10748,4116590,10,113569,93,55,119,84,108,96,90,29,587524,116915,5,5,5,1
31,5663,4201267,12,140981,82,45,118,77,51,123,63,31,552015,69425,5,5,5,2
30,6638,4194149,12,206086,56,79,74,100,75,64,116,45,747945,915483,5,5,5,0
28,6299,4701915,12,154750,118,77,58,113,83,121,108,34,157872,1113232,5,5,5,3
24,9767,4697603,13,224572,98,112,114,110,105,111,86,41,323560,688453,120288,440406,337783,0
31,11598,4008184,12,191898,69,102,53,121,94,74,98,32,547344,375346,260599,175581,250591,2
28,3521,4225413,14,103794,60,43,126,55,127,116,75,23,952626,1140348,455567,686590,27886,3
34,6846,4881645,12,210977,46,98,89,61,65,45,84,31,1201086,210446,5,5,5,1
23,4878,4462788,12,125067,68,66,103,96,93,93,94,35,796781,4794,216466,782909,491684,3
23,10034,4028134,14,193292,49,61,122,95,64,121,112,42,249919,904550,445224,636103,625260,0
22,3256,4187208,10,120415,53,80,113,85,115,125,104,28,1144203,555906,633864,359994,723214,0
31,6326,4287252,10,156672,99,57,48,65,53,82,73,27,108997,788057,618057,564244,506728,3
27,6158,4104537,14,106054,79,99,43,85,127,51,126,32,638725,418404,5,5,5,0
23,10956,4555749,12,222240,72,60,122,98,82,82,101,37,716270,837407,5,5,5,1
29,12024,4764803,11,112834,99,84,40,74,84,56,119,22,1105378,947940,170310,398077,185754,1
33,11770,4581099,13,125642,42,47,82,102,48,76,53,34,1159877,318505,463260,381345,282914,0
23,9216,4256014,11,217429,64,78,104,45,92,89,119,32,43730,766028,798485,626090,483613,3
27,5247,4448322,12,187423,127,119,87,116,114,67,64,31,23525,920598,5,5,5,1
27,3408,3952014,10,114735,83,77,128,98,115,87,110,40,886791,1130520,5,5,5,2
28,4283,4635285,10,166026,91,53,79,82,123,106,52,23,73388,712561,430470,740958,367192,1
29,10704,4911615,10,171725,40,43,46,64,101,45,91,43,47190,581000,789780,262941,118971,0
25,3315,4764655,11,156386,96,98,120,65,124,112,128,24,591533,213489,587916,526216,444132,1
27,6563,4926856,15,184409,46,69,58,86,95,70,104,45,13643,126578,73578,770351,438528,2
31,9201,4986038,11,97174,80,39,66,80,54,119,83,23,407107,401076,5,5,5,1
30,10013,4015728,15,151167,121,79,116,92,70,101,89,31,696051,777028,480041,340962,218612,2
35,10880,4794772,15,121631,100,83,85,103,53,73,117,23,762174,924007,433768,315163,516650,3
26,3604,4615841,12,158507,113,121,66,105,124,64,50,34,935612,1111753,604790,209271,137061,2
33,3880,3944473,12,171378,76,99,48,103,110,81,126,39,728717,909093,5,5,5,1
35,6038,4439101,10,152071,62,77,81,41,56,94,94,27,223117,808952,31690,393956,437691,0
33,7527,4303543,15,184419,39,96,44,98,101,49,50,44,215440,828605,344790,776908,317379,0
34,3061,4303500,14,213190,82,127,118,127,43,76,61,30,587187,867186,5,5,5,0
32,3938,3925154,13,188767,106,101,123,83,72,60,94,35,951706,234419,550574,566112,803654,1
24,4337,4291202,10,144290,58,101,61,120,83,116,80,36,677821,93796,5,5,5,0
28,5118,4058695,15,149412,41,128,105,53,122,46,78,34,551247,73942,643057,799675,540622,3
24,3844,4359812,13,136738,113,118,67,72,114,116,57,38,571986,503655,374834,593896,435821,3
30,11905,4710576,15,204526,103,87,91,123,45,92,80,23,667631,589290,48317,288282,300000,2
33,10286,4952527,15,122382,108,113,66,81,49,81,42,25,598783,239863,5,5,5,3
29,5964,4889670,10,179565,48,66,94,49,120,111,81,45,67012,616101,478458,638261,39502,1
25,3981,4963498,11,149698,93,87,118,118,92,95,128,29,465280,1067640,311267,577840,24877,2
25,7738,4499445,11,169626,93,104,124,82,113,54,63,23,1150604,74806,751656,700626,161415,1
24,3222,3845662,14,187063,90,124,65,73,76,74,76,33,995711,782760,349140,691325,332378,0
33,4694,4836276,15,200394,89,57,59,39,43,102,72,32,240063,447335,292693,447013,643474,0
35,3240,3909989,14,104800,122,40,106,102,56,56,61,38,737527,514720,709292,806028,2633,1
29,10624,4669855,13,156632,93,95,53,42,83,87,95,44,917200,944942,405849,735609,407356,3
27,6225,4622385,15,207082,109,64,90,84,123,56,99,27,719232,66655,428729,405381,647534,1
27,7806,3969677,11,121733,46,52,54,52,57,39,112,34,1121809,1040139,228374,778481,97818,1
35,7589,4677968,15,149067,71,71,67,105,51,67,83,28,453633,1145268,769160,711703,736243,2
29,5984,4513256,15,186245,80,115,82,43,57,122,128,42,944804,519614,81157,573355,645166,1
25,7426,4547848,12,113921,101,53,71,119,121,97,64,37,613570,1052390,5,5,5,0
35,4830,4338205,10,169826,116,43,107,119,80,122,62,27,520674,1001424,321182,456177,650435,0
23,10747,4697095,12,215271,49,70,59,57,106,74,75,28,327488,563281,745665,348266,605628,0
29,6341,3837487,10,127323,57,106,39,98,61,127,48,45,555875,787172,588024,521897,379416,3
31,6983,3869809,15,216267,101,86,89,101,57,98,43,37,483237,1121646,551236,258655,5005,0
23,4845,4436025,10,111819,115,121,63,127,95,124,93,42,1080499,76404,717159,404314,477719,3
22,5638,4321603,14,141110,120,61,64,51,78,90,113,23,392976,884322,586834,182775,782154,1
34,8489,3888957,15,225117,61,117,109,41,83,62,98,40,574916,852789,5,5,5,1
26,6297,4224963,15,107234,103,82,56,92,127,62,56,44,1059627,1007550,421356,566230,301922,3
32,3426,4283351,14,198709,61,121,95,43,62,63,128,37,751714,234147,625743,372626,367537,2
32,5409,3833106,13,97925,54,49,118,55,53,68,101,32,407032,546044,5,5,5,3
34,5328,4150332,10,189911,92,106,111,61,75,127,48,30,910606,400955,644450,408260,718898,0
30,11154,4341068,11,155605,117,64,120,56,52,106,53,35,1073713,891724,5,5,5,2
35,3272,5002053,12,150213,92,44,116,67,107,66,96,26,785700,613146,5,5,5,0
34,4303,3830006,15,198928,66,65,102,98,43,64,48,40,741842,277289,801981,765769,56784,3
32,5596,4324296,10,160568,118,108,45,97,118,61,56,42,802336,880019,513998,98870,370461,3
24,3696,4213649,11,121425,76,93,66,118,46,100,58,41,1067469,1107458,379713,100663,52729,0
34,8848,3964906,11,212871,123,120,118,68,42,58,106,42,1073102,1180076,78174,557747,436184,2
31,3786,3892985,14,111072,71,108,70,105,71,49,100,24,758358,1093874,5,5,5,1
30,10440,3891419,14,128885,68,98,106,67,46,124,47,44,1128295,722676,5,5,5,3
35,4207,4354506,12,130415,92,56,104,40,88,79,120,30,1059920,284476,723656,130861,420308,3
27,5497,4479610,15,119555,119,57,94,127,124,77,106,23,566189,655849,750731,450607,664062,0
35,7378,3998925,10,201114,57,110,128,96,69,105,72,26,557708,287714,623587,66891,35044,1
31,7731,4208326,13,207658,57,109,58,56,101,50,61,25,746958,80639,389790,553386,191695,2
23,5367,4829331,13,196735,44,99,66,73,66,83,79,25,471990,457077,296694,21811,557258,3
24,4551,4391618,11,164221,61,52,89,91,103,108,94,27,998519,75679,5,5,5,2
35,10955,4700801,11,132025,56,121,128,95,99,110,73,25,907690,985027,704454,131343,48766,1
34,3805,3843889,14,163451,65,109,57,94,95,92,60,45,1103470,181311,5,5,5,2
32,4642,4779175,10,159045,78,81,61,86,51,49,82,43,520841,680644,798117,10065,686968,3
23,6205,3816422,12,218079,39,78,60,54,98,53,78,38,1165510,794992,609649,137687,623453,3
30,9848,4450540,13,169589,87,46,106,44,86,89,90,37,194471,1074726,5,5,5,3
30,4720,4331344,12,118648,100,110,60,58,58,95,76,36,898160,434384,608253,13729,702984,3
23,5734,3871675,12,135903,114,41,41,124,106,73,74,40,701264,941783,558123,281833,493700,2
34,3414,4595681,12,213733,114,68,92,60,113,59,49,41,85758,788235,5,5,5,1
23,5356,4752357,13,169098,44,60,42,114,125,114,63,38,515507,122014,145140,414447,698735,3
26,8152,5017591,15,196715,102,122,93,53,47,45,124,22,192879,208290,5,5,5,1
27,8721,4161396,13,139927,71,39,92,76,57,88,124,45,679752,128988,99809,395168,461968,1
26,6794,4514867,15,225375,122,53,47,49,98,127,41,30,913311,399372,377108,251376,533726,2
35,10704,3904490,11,140997,62,110,117,78,83,81,47,42,82420,792667,201036,609503,634068,0
23,8569,3898509,10,177995,96,85,83,81,66,69,94,36,8331,244489,402723,191970,673281,2
35,11232,4039301,11,133033,94,53,95,88,114,48,72,25,860885,510688,62559,755235,682926,1
34,5779,4349115,13,167928,107,127,48,125,44,77,77,34,750676,697929,168241,551864,58782,3
34,11032,4052583,15,94503,41,54,128,64,71,89,87,34,766355,531269,737603,734863,372837,0
24,5905,4153369,10,208635,44,109,114,81,76,65,98,23,137086,628135,787605,598453,347435,2
33,7153,4103541,15,130725,44,87,55,84,41,82,119,41,984125,708008,721645,799441,639670,0
24,9442,3828749,10,127837,83,55,46,60,110,112,91,39,643508,1011470,319712,442218,729067,3
31,11946,4734198,12,167306,95,120,78,40,68,76,82,23,647864,72495,45540,361358,309974,3
31,10209,4439447,13,103368,61,73,109,115,122,120,101,27,144683,227987,763526,10647,486932,2
25,4316,4479247,12,151526,71,113,83,94,45,49,128,30,1041041,99768,787815,413616,317021,3
33,10788,4226383,14,104780,51,84,85,115,127,85,56,41,113317,266069,768189,114390,807603,0
32,8524,4659718,10,147148,41,77,123,81,42,104,98,28,862669,376906,5,5,5,1
28,11746,4847007,10,174264,39,73,53,43,40,73,80,42,799348,383905,646419,179401,124496,0
22,6074,4525956,11,94912,85,75,112,43,94,46,93,25,718576,373342,180015,119006,686401,2
32,10197,4430326,14,106803,126,61,114,118,118,72,58,41,623911,839073,5,5,5,0
24,11692,4664006,13,170592,112,101,55,86,125,125,120,24,896349,205036,413160,148367,336164,2
24,3537,4091459,15,112916,49,95,48,80,77,65,128,24,499369,542824,755211,46821,192927,1
31,12047,3885478,12,170691,78,109,71,108,43,61,79,35,235782,106450,5,5,5,1
35,10268,3838933,11,165766,69,62,95,77,39,82,119,33,556828,601729,176516,27449,644666,0
26,11144,4844053,10,165099,73,73,60,82,107,79,42,32,192343,468140,97485,269115,163447,3
35,10312,4523352,11,108365,58,77,70,96,82,122,96,26,831738,597813,797895,257475,687036,3
22,5419,4959619,10,97667,73,120,51,116,81,114,41,33,930612,147244,5,5,5,1
34,9236,4515915,13,198967,45,43,49,42,116,107,83,42,491791,233933,5,5,5,3
30,11401,4509818,13,141131,93,81,106,81,83,65,100,29,898828,901148,729152,474231,674034,0
26,9079,4438011,11,139381,75,86,75,42,47,120,106,23,349428,563561,729213,53474,451041,1
32,12027,4624822,13,97537,110,105,42,42,91,84,120,44,854817,715756,228084,804735,118874,2
26,6170,4067681,14,148987,62,100,120,93,39,78,43,38,210705,202163,5,5,5,3
31,9992,3915155,11,98107,112,97,79,87,76,57,44,23,1101916,211054,551682,192923,716710,3
27,6042,4281333,10,212637,86,74,92,52,69,91,89,29,33029,405069,657754,334632,742754,0
32,9107,4865213,10,167052,53,100,51,82,113,116,52,35,746337,272507,333937,624207,764965,1
28,4151,4358100,13,127465,110,86,97,112,108,87,128,41,801151,347194,573052,82400,667558,1
26,9224,4174901,15,136526,103,67,104,103,75,53,122,34,231132,676353,175566,163874,236511,2
24,5878,4564217,13,107505,62,107,104,121,73,120,73,32,1135021,126311,35471,725628,594410,0
31,7807,4365616,15,102399,58,67,40,126,53,99,86,29,358505,253261,5,5,5,2
23,3555,4462322,12,179611,43,104,45,112,67,120,57,45,74889,801209,5,5,5,3
29,7476,4190269,13,211175,112,100,67,44,80,119,128,30,14653,171602,615126,559997,152933,1
33,5021,4189653,15,189177,90,100,85,42,70,43,67,45,936637,224867,5,5,5,2
33,9825,3973875,12,223137,85,39,64,117,54,120,124,38,923826,1038536,5,5,5,1
33,7907,4898857,14,189159,94,119,39,98,89,75,106,35,38898,1104901,5,5,5,2
26,3808,4540738,13,187357,71,82,91,66,47,114,86,34,721136,991981,688171,168632,15386,2
35,3485,4629128,10,146094,121,123,43,121,108,111,64,33,477141,369683,760316,533209,198174,0
29,5007,4178124,11,214241,64,99,46,65,84,84,42,32,736346,1042536,21979,631709,427271,2
29,11282,4520559,10,93842,43,125,110,44,114,101,102,45,589538,179300,5,5,5,3
29,7481,3895241,13,161503,91,81,128,99,80,70,90,29,126180,870934,493287,388627,679987,3
32,7521,4323502,14,163309,121,44,63,48,127,79,45,30,88422,281757,5,5,5,0
27,9647,3860539,10,164865,46,96,71,80,100,88,53,29,450082,323729,186022,127377,312322,1
34,9351,4740445,12,182804,115,42,55,41,103,112,120,36,685083,838920,5,5,5,1
30,10104,4128566,14,219196,88,80,84,127,109,75,107,24,600025,476369,276277,609460,180287,3
23,11983,4847991,10,130284,55,99,125,127,104,51,65,44,1136735,901061,759048,376025,755691,2
30,9732,4194195,10,217055,74,69,66,96,107,99,77,30,174669,284240,321792,542715,363440,2
33,7658,4458604,10,140534,107,86,56,73,69,113,50,45,55781,145136,5,5,5,2
25,4043,4669353,14,109331,124,39,127,56,126,51,120,34,1053722,509591,64238,191119,543792,0
30,11474,3834664,11,223137,42,72,44,108,39,80,86,23,714993,825364,638411,42426,63701,1
23,5231,4363217,12,199307,114,105,64,112,56,98,112,23,162058,371551,225291,152032,321977,3
34,10762,4593035,13,112819,53,47,73,110,42,45,98,40,551336,1189817,471256,250825,290587,1
27,9313,4201245,13,181300,68,95,93,103,55,49,86,36,248775,521451,634825,762347,73149,0
27,4611,4042453,10,168536,76,83,96,89,46,90,109,36,276701,925662,737492,671257,619080,1
25,3339,4902472,11,95754,67,94,71,51,47,45,124,44,183771,960902,441052,495132,768427,1
26,4913,4122038,14,128354,61,93,123,61,116,87,39,24,612664,572756,806109,343719,160457,1
34,11777,4975896,11,225818,62,51,80,62,77,46,97,30,695460,527014,5,5,5,1
27,10339,4356651,11,135360,86,59,77,69,102,41,49,25,208518,473358,25601,530455,146666,1
35,9698,4817171,10,94661,60,95,103,73,44,110,72,35,483292,393236,126436,718912,366403,2
33,6211,4157168,12,156184,123,63,58,105,65,70,86,23,467352,1129316,83187,577562,24902,0
26,9109,4737928,10,194538,48,81,70,39,59,100,59,25,1168505,1201123,489413,318518,660715,2
31,9446,4551539,10,196565,83,119,125,54,122,126,62,25,1150392,480757,794351,494588,655737,0
28,9422,4896828,14,168733,103,123,78,49,61,103,121,40,44969,191207,5,5,659041,0
24,9568,4621540,14,185645,93,123,123,86,42,114,114,25,669716,550431,5,5,5,1
31,8141,4551778,15,199959,40,91,103,113,47,75,62,42,729430,1066507,5,5,5,3
29,5312,4996672,15,120409,107,128,96,50,126,83,91,35,1059557,464118,28785,403564,534148,3
23,4964,4360420,10,215054,98,81,119,58,111,72,74,22,63213,427182,125397,424204,295244,0
32,7656,4631847,15,112473,67,82,61,100,63,44,80,22,207727,10743,500170,356630,372348,2
27,8297,4739421,14,117648,94,57,123,118,111,54,60,28,137797,210406,224698,8390,593317,1
35,9696,4842077,11,118448,110,63,87,119,84,44,84,22,866877,315008,5,5,5,0
30,8308,4532298,11,159540,112,107,71,128,40,56,96,34,1123536,402548,5,5,5,0
30,10773,4484538,15,185153,103,121,39,77,82,45,126,22,206386,1031209,221607,145806,104052,3
30,3178,4127797,12,180182,127,128,98,44,67,54,108,29,718359,664957,462214,456054,688986,3
22,6624,3923171,13,130448,54,50,58,119,90,93,87,26,1097602,922695,60634,347871,461250,0
31,5834,4471566,14,169573,53,87,90,119,70,113,61,31,605596,550257,798534,206648,70724,2
35,8498,4766748,14,98201,47,90,50,50,117,43,71,41,350236,21686,5,5,5,2
24,8066,4466925,13,163897,40,63,120,103,122,112,91,31,321892,901053,5,5,5,3
22,5349,4980035,14,209164,105,59,69,121,94,105,123,28,617619,551865,565426,481719,430141,1
28,5393,4038115,14,181743,128,116,51,103,81,92,49,41,41987,110541,5,5,5,1
26,3353,4156452,12,118513,85,66,72,84,84,79,61,43,865166,782463,772484,441957,656393,3
25,10059,4249123,11,105653,44,57,105,61,114,86,94,30,459813,824409,31229,514924,84717,2
25,4104,4200857,11,216936,61,103,64,78,46,64,128,24,596712,894228,5,5,5,1
34,4082,4741776,10,206930,104,104,82,80,63,78,127,23,627069,601660,707758,674289,413931,3
28,5329,3992520,12,127572,98,112,115,65,97,93,106,45,926412,601015,585826,636486,462391,0
33,4009,4511343,12,154247,78,125,88,48,81,75,123,34,631170,174206,417807,53563,399493,2
29,8412,4236185,11,153397,46,113,101,102,90,60,103,25,649229,83513,5,5,5,2
35,6560,4081820,12,183130,86,121,53,64,114,87,87,41,640266,734519,5,5,5,3
30,6132,4799323,13,225559,56,121,58,91,75,47,99,25,119454,579332,5,5,5,1
28,11921,4246720,14,174797,119,81,72,70,51,102,60,24,903596,689314,643042,617110,390265,0
33,8187,4154548,13,140473,47,84,101,60,50,53,126,27,654839,177798,418166,524359,244658,3
28,10741,3827317,15,167141,57,103,115,120,95,125,82,37,30197,1195167,5,5,5,2
33,7665,4390784,15,150257,51,60,61,82,79,67,83,44,1009735,715348,126538,561152,91751,0
24,7086,4301001,10,220553,111,64,92,66,54,45,93,34,485234,604876,292280,77104,738467,2
28,3497,4111089,13,148577,85,122,88,43,88,96,122,43,586100,533189,29760,180794,772578,1
25,4176,3927123,10,114430,52,106,59,89,75,58,42,39,355116,252170,5,5,5,3
30,8492,4557994,11,149427,66,55,56,113,100,102,101,39,1110695,683078,5,5,5,3
34,9320,5001519,10,200569,54,50,44,118,75,72,115,32,708958,817546,637332,14430,651450,0
33,5383,3999388,15,182262,96,49,59,88,62,58,81,41,1194301,928679,29778,124250,244049,0
31,8868,4010824,15,183696,39,102,125,48,81,50,109,25,116118,984306,61294,318961,547962,1
23,9402,4379778,13,116526,122,57,113,49,116,126,56,42,94128,122581,769448,265631,290437,3
22,10266,4304965,11,202909,64,117,61,89,48,110,42,41,1031264,408469,272946,235996,730603,3
28,3684,4261488,12,174553,106,122,95,53,126,111,108,29,801239,816157,784474,452718,656424,0
27,3214,4001656,12,126142,80,55,81,97,47,114,57,32,499781,170637,131024,786230,478038,3
24,3110,4874241,11,186724,92,123,82,88,48,99,53,28,837411,340504,148794,239988,58043,2
31,10792,4763964,15,153368,110,69,120,74,73,125,93,28,886244,705592,5,5,5,0
35,9474,4400232,11,125385,56,49,108,80,101,92,97,41,621645,664324,627246,567079,15108,2
30,7990,4076763,15,208535,94,50,83,63,86,107,103,30,811785,241049,5,5,5,1
31,9381,4508050,13,143134,66,84,88,116,41,95,86,25,16492,830701,453807,161856,273188,2
23,7961,4595487,14,94733,45,92,103,104,40,115,93,33,293380,440576,53098,18292,187341,2
23,8963,4209071,13,205100,70,56,109,46,40,72,94,39,995115,565595,5,5,5,2
33,12094,5018034,15,204596,123,127,44,78,72,125,73,42,870110,556951,5,5,5,2
33,6891,4184650,12,204123,99,95,54,48,66,80,78,29,105569,982471,267701,134010,75182,0
25,9107,4331628,13,106932,73,45,58,121,83,58,126,26,318490,259963,5,5,5,3
24,10678,4657522,12,111404,122,116,55,82,41,62,50,44,57456,1153446,63525,539156,122703,3
34,5428,4054619,15,167881,66,127,119,80,71,45,110,24,390954,54222,779646,471077,214356,3
23,8408,4576766,15,123994,52,85,81,90,127,55,54,45,128842,176714,7163,325475,716004,0
31,7614,4747742,15,221991,112,76,41,106,100,122,116,30,96294,866999,805218,640976,84981,3
25,7620,4787266,15,222316,59,59,81,52,101,99,46,42,958656,125317,658824,662016,633340,0
35,4158,4476246,11,186398,71,65,74,82,47,114,84,45,49315,1070974,5,5,5,1
22,11329,3951975,14,158680,90,78,86,96,43,64,86,27,1061427,63086,54992,419655,191494,2
23,8926,4631940,14,218674,110,98,64,112,90,70,69,38,151824,872094,5,5,5,1
25,8058,4965747,13,109039,96,86,82,123,97,123,82,25,123403,306975,427659,313114,81671,2
31,8694,4992982,14,115678,107,60,66,64,77,76,64,24,1131643,236305,200090,466043,299156,3
22,3486,4639679,14,195902,60,45,43,125,93,126,41,43,374692,198708,697099,178058,741437,3
31,11566,3989344,11,183563,82,126,55,96,102,75,111,24,196758,359198,689989,111264,176822,2
32,11026,4275163,15,120046,100,109,87,44,100,57,123,33,211157,48712,657602,511692,460236,2
25,8429,3928310,10,207865,92,74,95,57,98,122,106,44,72919,856221,5,5,5,1
32,9608,3820864,15,146797,103,127,109,102,82,95,60,43,837024,471355,454301,431075,533187,2
29,10304,4152639,14,120812,128,102,79,63,80,86,127,40,1165166,51508,367178,588014,746328,2
26,8594,4551370,15,170031,97,121,44,72,71,98,98,34,576531,640196,709767,103830,140847,2
34,8716,4938569,15,211777,61,70,81,41,123,44,60,32,788913,664216,134600,431643,574003,3
34,6266,4009689,15,218231,92,52,40,47,89,57,123,44,202995,1175837,760724,740284,429174,1
33,10498,5014169,12,123434,69,41,75,97,128,67,81,23,50487,118862,157333,574920,271820,1
22,7818,4199133,14,151211,80,47,55,58,71,41,81,41,679931,124589,803685,311688,179436,2
23,7781,3857032,13,139541,84,92,124,111,85,80,55,40,326964,634114,5,5,5,2
29,8939,4523904,11,179831,118,123,113,54,97,59,123,44,665153,286151,474974,271650,724038,0
32,5358,4782516,12,180915,72,80,54,109,106,101,62,35,706841,544211,191410,114466,782801,1
22,7635,4744577,14,131388,85,79,110,126,69,107,67,28,238782,547815,251116,709456,37063,0
28,11161,4696028,15,158976,44,93,111,116,67,43,109,35,162522,995918,5,5,5,0
35,5415,4175460,10,185976,44,101,49,113,118,106,123,42,436229,917652,5,5,5,3
28,3526,4981066,14,178644,95,88,64,96,76,48,44,33,842775,1060420,5,5,5,3
25,8240,4116220,11,138179,40,65,122,79,41,98,88,35,15076,712169,419985,669696,574911,0
30,9255,4752903,15,132694,66,69,96,109,114,95,50,26,422504,1025482,536220,450133,487629,0
33,7820,3817833,13,139767,94,80,71,116,127,42,55,23,455324,1001018,5,5,5,2
31,6293,5008980,15,202847,68,63,80,122,107,109,64,39,92585,478096,5,5,5,1
30,4570,4595837,13,143198,67,126,67,79,87,54,60,39,270627,1190749,5,5,5,3
35,6987,4538025,13,98823,123,58,90,67,115,119,109,44,973357,751264,5,5,5,1
25,8593,3971507,11,154697,86,104,57,59,72,84,47,25,426389,151059,441340,607491,591150,2
33,8693,4334891,11,197637,87,55,50,79,125,87,43,23,491012,932336,5,5,5,1
24,6699,4620048,10,207943,52,126,71,67,49,125,91,28,456295,762152,412857,452440,626927,0
24,11827,4844461,10,123481,65,82,120,50,61,106,40,26,536813,1182974,611495,469291,179495,3
34,5068,4532828,11,186671,119,108,79,80,88,79,64,35,1174892,30289,5,5,5,1
24,6908,4680569,13,150894,87,41,79,122,74,94,52,36,156310,450234,396647,340556,513718,3
24,6862,4461632,15,184868,91,104,52,104,85,92,75,24,452083,52026,474213,125037,151494,1
33,10879,4097792,15,163795,104,126,107,74,103,97,114,38,105958,216076,297086,755656,780066,0
33,7140,4275492,15,214727,44,116,89,124,102,86,99,27,1002636,154321,600276,621115,346312,2
27,7537,4182026,12,122120,60,71,75,90,71,117,114,32,545563,548039,5,5,5,1
28,3247,4272180,12,98844,106,116,110,74,53,53,117,36,198396,484307,798473,110105,698319,3
22,3029,4473562,13,217716,128,40,103,85,114,65,82,43,243587,273075,592209,169057,19406,2
28,3462,3819878,10,223521,77,126,89,98,67,85,56,39,63467,230185,202205,396004,338688,3
30,7335,4405941,11,216176,119,112,80,127,45,96,53,39,641129,72050,787295,370605,506296,2
33,6146,4316898,13,128569,89,115,58,94,46,105,77,35,865914,949294,5,5,5,2
22,5634,3833632,15,164790,122,68,71,110,83,61,43,39,745553,59467,433831,693235,11386,0
24,11664,4440492,15,145629,61,42,71,107,118,93,93,22,695211,96843,23622,87608,178779,3
32,3138,4963489,12,219913,49,94,87,92,107,48,96,26,4210,380578,5,5,5,0
28,6676,4057386,15,192554,75,41,119,91,58,41,122,43,1138316,742420,2206,305556,705950,3
28,10099,4817865,10,183608,127,71,53,107,120,127,47,45,230633,259116,615756,242213,668412,3
26,11117,4682213,11,147665,118,93,65,84,68,114,83,43,997070,344499,235257,370968,71536,1
26,3050,4492698,11,95561,84,104,114,82,50,104,110,27,352131,158030,55111,161466,441434,2
25,3121,4050968,11,200580,42,70,94,40,55,115,116,34,798413,236648,616566,606392,690808,0
30,10665,4361113,14,209110,83,92,84,74,42,43,67,24,794894,20986,325309,723658,540781,3
32,6767,3910041,10,161673,50,43,62,59,114,115,42,30,984557,390136,94116,326349,104297,2
22,6931,4706596,12,93755,128,105,84,127,45,39,98,37,358967,533261,95476,540476,333006,1
31,11727,4445542,15,156461,53,111,88,49,56,88,43,34,638585,473011,685768,189369,324280,3
28,3826,3855199,10,201684,104,81,104,114,104,48,44,45,183962,70825,246000,570220,703330,2
34,11989,4832627,12,121236,55,77,85,50,116,54,108,34,437454,523111,75918,136680,398180,2
27,9136,4744241,14,220198,56,49,39,108,110,64,109,35,76375,441145,5,5,5,0
31,5718,4222948,10,97180,108,59,111,70,49,67,102,28,118341,42237,512393,12624,303630,0
32,10366,4464615,12,144117,46,114,46,58,51,49,108,27,455437,366853,136224,654503,364715,3
28,3131,4012252,14,140111,117,61,105,117,68,88,126,45,1193200,579013,214185,155395,487908,2
22,5322,4586021,11,149943,124,54,98,126,93,89,100,25,816186,1003944,729571,177131,603056,2
26,6038,4763261,13,126721,51,118,98,42,93,53,83,45,285374,186657,5,5,5,2
34,4222,4399047,13,163145,102,55,40,58,123,82,59,31,379219,623145,423391,561397,510235,2
28,6448,3921586,12,105382,51,73,60,43,69,87,70,30,274534,291553,5,5,5,1
33,8367,4636883,10,132883,128,67,90,107,102,67,93,29,700337,316802,5,5,5,3
31,10744,4139131,13,114983,127,126,83,72,42,116,71,39,1111311,870238,329978,215148,119853,2
34,3258,4578453,12,200249,58,94,121,57,112,65,72,37,232284,324977,5,5,5,1
29,6859,4494757,10,117195,61,88,59,40,76,113,52,37,369150,848652,579093,379349,636062,3
30,11706,4367351,11,143639,54,78,83,68,106,86,85,23,510822,889603,5,5,5,0
22,7348,4653008,13,209743,121,105,121,68,73,50,124,38,793991,496785,685021,224617,140238,1
25,7486,4599496,11,167354,94,64,54,122,64,64,96,24,604063,416313,323352,716655,678548,0
24,7119,4578693,11,103955,115,107,79,91,90,60,121,36,1121656,243758,228403,343131,270812,2
31,3470,4212499,12,150344,114,68,127,47,117,128,53,32,751073,825583,355919,100948,634168,3
35,3203,4435457,12,206895,76,114,107,124,110,63,127,36,331148,810322,766584,464036,262196,2
26,8485,4525070,14,170619,66,40,107,67,49,87,67,44,534845,1092363,414250,468115,568392,2
22,6407,4024520,11,113032,110,52,121,108,112,74,67,34,865973,1195709,679822,717422,669698,0
28,6691,4095002,13,104369,82,110,70,76,111,84,81,22,388836,1127992,601242,169331,107333,1
22,5845,4447730,12,132890,97,69,71,49,62,80,123,30,650378,439562,9515,242881,176382,1
32,10847,4766331,11,186633,114,102,45,62,65,42,66,33,242875,867825,152754,11872,60904,0
28,11930,3982076,10,105363,118,124,45,51,46,73,78,43,967444,504565,41045,238218,593269,2
32,3692,3866293,15,116503,110,44,63,116,118,111,59,28,1192353,169565,114208,174642,596470,1
34,4248,4040658,11,104962,104,126,121,53,90,81,69,23,193487,37441,486078,10648,335763,3
35,4236,4927162,13,181009,42,112,71,73,63,109,63,25,21301,419448,383018,621523,797419,2
24,8476,4466885,14,163276,53,101,50,95,112,97,68,27,1145310,230993,457882,318363,256415,2
31,4919,4908395,15,184654,56,128,128,79,58,121,42,22,1105643,1144495,199580,765059,641784,2
33,6102,4404883,12,100862,90,52,58,126,39,87,128,36,856854,567366,299244,272919,557284,1
33,11876,4679901,12,200530,42,86,116,86,120,49,44,44,486173,496733,84978,781229,360386,1
30,4818,4963363,11,166823,57,109,44,39,95,123,60,40,847631,87763,141938,623702,689258,1
24,8934,4363667,13,153347,54,118,118,50,84,117,125,31,363544,88672,793719,740111,618334,3
29,6742,3981364,15,118656,41,54,100,43,115,46,66,41,824003,5,5,5,224975,3
30,10027,4865465,14,176671,91,61,48,56,57,101,125,31,78534,717309,5,5,5,2
23,10915,4094571,14,120029,91,64,124,74,104,66,85,43,895958,37151,533540,619093,358748,3
26,8048,4469580,13,140091,77,98,102,104,86,58,110,25,573010,1145100,5,5,5,0
30,9700,4270935,13,148499,77,114,105,88,128,66,118,34,51267,345153,566191,323348,583448,1
33,4968,4382530,12,155378,118,101,61,59,112,124,45,42,1116369,836523,573983,793172,451663,1
35,3952,4915537,14,172772,92,78,89,57,107,63,73,42,959672,910629,514296,286969,441610,3
27,11648,4490714,11,100080,45,66,69,91,84,81,98,26,741893,1097012,5,5,5,3
27,3697,4016426,13,222450,101,43,124,117,90,57,63,28,196900,736314,5,5,5,3
33,8207,4265467,10,93603,120,107,56,80,68,128,61,37,255808,774510,568482,214197,398251,3
29,9075,4746390,10,124479,67,104,93,108,94,52,106,36,1113895,197501,362133,62161,237034,3
33,8534,4531245,11,93875,86,64,57,79,86,55,76,43,305363,437085,72642,602681,694737,3
29,5956,4197614,14,214565,52,89,64,115,82,104,100,28,644323,118273,2898,651563,315318,2
35,7162,4645175,15,150551,124,119,86,99,82,42,109,27,509762,281812,5,5,5,1
27,3637,4453055,12,120777,40,49,77,73,103,58,120,24,168044,1027366,5,5,5,1
28,8839,4372638,12,213687,105,128,69,64,50,77,64,23,80837,176811,206701,161492,123008,0
27,6798,3892146,12,151419,109,67,59,93,115,128,91,25,1168094,695791,409680,633247,96028,2
32,8063,3959512,11,93948,59,46,44,121,112,65,49,30,60785,1085717,231278,579659,606186,0
27,9459,4101378,13,168132,49,48,99,118,78,67,72,24,603399,543623,41069,601977,105040,1
22,8582,4209835,15,114612,69,57,85,78,93,122,49,33,256244,233315,5,5,5,1
24,8901,4951656,14,167707,124,62,89,69,101,121,43,45,1154288,221533,5,5,5,1
30,8218,4041843,10,181453,89,54,73,87,50,99,77,33,1020228,437260,346436,343213,712427,1
25,7937,4560429,12,154843,76,92,87,53,54,60,82,44,1039993,1117745,107573,304234,354366,3
28,3414,4181638,12,157064,105,92,118,98,51,113,127,44,1134008,1126406,5,5,5,1
33,8161,3906321,14,147894,117,85,74,103,107,117,97,34,496223,104831,532992,742731,648151,0
22,4176,5001181,15,165273,119,119,41,93,94,112,48,40,142669,617729,259786,255563,136580,2
28,3902,4794748,14,209965,79,121,90,49,101,125,71,24,113921,431453,591927,748574,111325,3
23,7346,4404037,12,116402,71,39,86,39,61,69,70,39,732931,1166299,465449,568736,289043,3
28,10390,4629458,10,203934,89,96,84,63,77,109,58,42,1118414,726324,65843,411638,721381,0
33,7600,4744693,13,205688,61,126,57,51,66,83,128,31,758053,142633,50252,491045,809017,2
31,7266,4620136,12,173003,64,123,120,64,98,112,106,33,597803,901521,541325,756089,339377,3
34,10182,4710446,12,139330,98,121,111,40,94,55,75,32,77798,49400,386514,685573,22290,0
31,11097,3918585,14,119972,75,89,112,68,115,126,47,38,988366,915890,5,5,5,0
30,11355,4496695,14,96452,59,86,45,79,98,113,108,30,1059155,855457,416593,138920,633169,0
26,8082,5007535,11,181521,66,54,51,90,120,91,68,37,1129306,102565,5,5,5,2
34,9591,4815699,11,116377,68,103,45,74,125,57,74,25,837674,252756,5,5,5,2
23,10784,3904640,14,105531,104,62,84,53,101,81,123,36,1192364,1117116,431716,48255,268942,1
24,4207,4617520,13,194461,45,74,56,121,111,58,56,24,49913,800560,365406,807218,589773,3
26,9403,4318574,14,221498,45,109,76,118,106,66,89,23,749028,14551,5,5,5,0
22,9046,4774366,10,222051,71,68,51,82,104,89,101,28,881682,524622,181237,155253,52241,0
25,7940,4330272,15,151597,39,101,91,113,95,110,44,32,922015,1146914,21081,136255,172170,0
24,7142,5014890,15,107096,39,62,104,74,120,124,74,27,346552,465130,5,5,5,2
25,10965,4660298,11,158558,53,118,112,114,122,117,107,30,726938,905009,5,5,5,3
22,7579,4175786,13,159041,56,124,96,84,75,62,102,38,266207,8248,5,5,5,3
34,8702,4306848,14,223196,119,101,59,108,67,43,68,40,54743,390760,197060,388410,332045,3
31,4381,4681537,15,176056,93,59,117,108,125,71,92,43,305239,918551,540572,534398,731529,2
32,3289,4835289,12,158537,127,59,75,85,41,63,76,33,148542,1144583,72390,487371,411691,0
33,7251,4483155,15,180714,82,122,44,65,126,61,98,27,514943,1003787,603971,365352,785026,0
25,5441,4307225,15,141877,68,97,89,72,72,56,64,22,374668,1126682,205762,307451,71909,2
28,3695,4790629,13,212007,68,39,108,109,57,45,47,42,386770,696843,176307,213521,400838,0
31,7030,4322008,10,219360,104,70,61,64,118,99,62,41,873343,942992,798150,777618,394841,1
25,5511,3940425,15,97541,99,40,50,69,122,80,53,30,307802,144801,581060,53848,216317,2
32,11736,4849345,13,198687,115,117,116,57,122,89,90,39,1133772,391686,151844,374624,118771,1
30,9288,4611125,12,104125,52,118,53,85,115,58,78,43,169137,86864,539235,520860,143833,1
28,5144,3986007,14,117919,79,70,123,76,92,44,87,34,235200,1163305,423808,203698,593866,0
28,9867,4367201,13,210688,86,87,102,53,119,124,65,25,1046235,270893,806651,68337,348445,1
29,6252,4520611,10,128569,95,103,57,59,88,96,72,28,484562,738607,669598,538205,674065,2
22,4618,3861613,13,113578,89,105,127,75,81,87,78,22,531116,947553,5,5,5,0
30,4685,4927872,11,191535,74,67,92,60,88,109,114,32,497247,1126028,5,5,5,1
26,9203,4526584,13,226259,113,108,71,97,115,128,78,38,39997,598387,96223,729111,580819,0
28,11797,4757654,10,215749,53,116,41,60,88,49,44,23,1049014,1025681,107820,165502,348820,0
22,11198,3930878,10,216044,66,81,64,84,44,96,118,43,764340,210827,570042,660349,121063,1
32,3978,4265969,11,215277,59,124,50,59,74,68,105,43,374300,1129964,782171,620162,339218,1
26,9027,4831177,13,145428,93,44,89,60,92,120,97,28,913859,531607,414838,504703,236185,0
22,4082,4286134,14,99930,72,107,41,52,99,114,121,37,897593,397353,392658,432107,443674,3
35,8202,5003094,15,152011,124,69,106,122,66,47,62,33,63587,956480,5,5,5,0
34,4426,4018659,13,152237,55,93,74,85,126,64,95,42,467622,495791,583100,772629,258196,2
22,9710,4868748,10,105734,88,73,45,43,41,84,93,31,375529,785339,5,5,5,0
31,11175,4115067,11,209818,117,75,118,104,103,52,113,44,549737,490305,245726,539518,623755,2
34,8613,3827460,12,210109,118,112,53,49,99,68,74,41,241929,984858,5,5,5,2
33,5420,4281958,10,186992,113,40,42,42,78,106,57,28,740502,1197447,180453,524563,291808,1
28,6416,4348954,14,166501,117,102,124,47,94,62,57,40,742649,114215,123195,548107,622450,3
27,5291,4818713,11,110245,84,44,109,92,65,118,114,22,913806,743102,269814,414263,491134,2
25,9361,4599475,11,217119,114,127,124,122,66,39,69,34,65767,795454,5,5,5,0
23,6071,4640028,10,183314,83,78,41,88,40,111,126,34,993497,764847,5,5,5,2
26,7283,4460732,11,131744,80,50,91,39,115,109,101,23,157247,656140,5,5,5,3
34,7556,4211426,15,105923,46,74,124,104,84,71,125,28,304649,439465,640163,431370,192392,3
33,6587,4270519,14,164140,107,39,39,83,103,52,103,45,1016447,222358,5,5,5,3
33,10828,4834430,14,186684,45,48,90,63,112,43,103,38,865024,1036923,385934,325258,151705,3
29,6728,4286163,13,168846,67,109,63,65,56,101,80,22,290941,1083115,5,5,5,2
30,8112,4724631,15,146988,46,123,52,95,54,90,109,34,94049,1199348,5,5,5,3
35,11793,4795785,13,196161,91,125,78,43,64,45,101,22,784942,1129819,5,5,5,1
24,3010,4830356,14,199182,78,82,67,112,62,101,98,34,270089,130153,5,5,5,3
32,10567,4170819,13,177815,85,127,117,52,89,46,64,26,893471,765359,12476,453537,24299,0
23,8439,4749487,12,194449,120,125,76,87,95,90,65,22,602528,382682,5,5,5,3
27,4940,4696100,15,186779,70,84,71,71,108,108,108,41,1014264,600177,5,5,5,3
34,5716,4578944,12,175070,70,117,51,99,77,64,69,25,162124,871431,282005,232311,318296,2
27,10267,4171468,11,94252,81,99,63,68,119,76,46,39,137816,392395,406646,11905,638662,0
32,11523,4547371,10,101203,81,112,67,113,114,87,56,39,1134749,839875,683341,296127,532352,3
25,4925,4128642,13,114267,79,71,91,82,110,74,59,24,590994,316126,755498,130813,587277,3
24,5361,4701383,12,161285,42,123,80,98,57,63,61,25,501576,453557,66014,89068,122500,0
25,5172,4817053,15,105837,98,118,78,104,71,63,66,22,710928,875336,77393,235113,665024,0
24,11994,4194696,15,172915,79,62,104,58,94,115,89,22,168613,137240,550268,301626,234613,3
27,11265,4617482,12,129470,93,81,83,85,109,78,86,45,588878,377033,5,5,5,3
34,6648,4529290,15,109871,48,112,99,85,59,87,78,35,955296,540654,5,5,5,3
24,10219,4085732,12,169813,102,86,85,88,56,49,121,37,373305,640478,781722,726923,672459,1
24,10310,4676558,11,128806,55,107,65,65,82,80,94,37,1168420,559160,5,5,5,0
23,11465,4026923,10,125795,55,73,124,72,50,69,99,38,1061213,1186388,5,5,5,2
28,4853,3900189,12,106850,99,89,123,110,108,67,58,33,1019551,332115,5,5,5,3
31,8737,4468031,12,126179,55,127,45,60,42,92,114,28,608741,391204,392899,170888,707455,2
27,10699,4977738,15,116254,60,124,50,59,97,86,68,40,520216,1130778,5,5,5,2
26,6249,4327627,12,138099,100,109,123,85,95,90,72,27,686065,49524,61646,704530,243265,0
27,10098,4252898,14,223813,51,57,96,46,65,63,119,41,506343,808770,608544,319702,336238,2
25,4343,4712927,12,94765,82,56,90,52,45,89,75,43,324218,1187876,147939,604064,282802,1
27,4391,4996208,11,93786,89,86,91,104,42,76,123,43,1189209,896649,5,5,5,0
30,7010,4758398,11,215077,113,59,78,70,105,43,94,43,99906,984167,5,5,5,0
23,9587,4986234,15,154519,52,64,108,72,115,63,67,36,146113,1183102,140340,641476,332694,2
33,9592,4300157,11,113820,107,64,112,71,82,114,79,44,815210,306268,66179,645660,146936,2
34,6666,4782939,12,160130,60,109,78,89,45,105,54,25,434189,564698,613953,750183,375682,1
27,11498,4075659,14,146982,126,40,66,94,128,105,72,38,708793,156291,5,5,5,3
35,7369,4823392,15,121695,127,90,109,61,77,95,99,43,8984,1200649,50444,389092,649028,2
33,6963,4972412,10,189400,125,48,118,59,70,105,110,25,851582,699521,678396,765773,546423,2
27,8669,4616230,11,138648,75,46,56,120,84,91,56,23,502947,597869,339418,116953,793961,0
23,4546,4634174,14,180027,84,84,84,44,109,51,90,45,130084,82186,5,5,5,2
26,8869,4872346,10,135248,90,72,40,60,83,51,112,24,1177748,28022,93320,225454,221372,0
31,7352,3835942,11,201399,41,41,124,126,102,120,52,32,819035,777323,110811,453801,325999,0
24,10520,4220108,12,186946,95,96,119,119,76,39,92,22,361289,668759,59437,431017,794704,2
28,9878,5003361,15,204647,122,102,111,70,63,79,41,32,981417,834506,403261,16855,721322,3
25,11256,4742632,15,149356,63,128,120,80,68,126,48,22,761864,659551,289176,455211,340102,0
35,3235,4079242,15,225005,42,90,59,74,74,114,91,23,945075,270234,661216,448258,69432,2
30,8715,4725627,12,200905,119,122,44,72,51,127,72,43,879352,844362,242881,439799,733219,2
31,3465,4230570,15,199426,77,74,111,121,106,128,76,34,364186,888527,492947,352946,578238,2
34,3966,4464879,15,158545,103,82,106,103,100,85,70,24,532518,398139,5,5,5,3
33,11590,4844875,15,134856,112,53,114,93,118,75,52,31,139678,117445,5,5,5,1
22,5208,3930038,10,161919,105,124,41,48,47,121,114,31,1134593,894443,474415,661774,138605,2
31,5400,4281346,13,132262,118,85,86,74,66,65,105,43,500935,559464,529438,384057,621237,2
31,2991,4931105,14,164118,78,105,128,50,105,122,57,34,57794,1159701,797451,321824,720180,1
23,7096,4810099,11,186846,76,49,64,113,116,91,89,30,742700,1159462,457327,488607,85374,1
25,8228,4286411,11,190675,59,84,81,62,93,39,58,28,1161296,265428,744575,218300,690860,0
25,6578,4155390,12,159529,77,65,65,73,96,128,90,24,599419,352099,5,5,5,2
30,7864,4711166,13,161317,40,61,88,64,120,106,49,38,397610,110996,5,5,5,3
25,3949,4208237,13,191270,84,41,112,109,81,115,107,23,173938,950334,155852,175071,162736,1
33,6214,3889070,10,190629,54,63,87,75,117,70,120,38,518083,72051,728505,206790,540160,2
26,8234,4536902,10,97915,84,79,56,87,101,66,79,41,441296,763628,5,5,5,3
24,5439,4537507,12,111552,41,120,94,107,85,55,94,25,414291,875269,176872,519671,549870,0
25,3160,4633627,15,147161,121,91,120,91,83,128,66,33,408065,845515,5,5,5,2
22,7234,4970449,13,163213,92,95,100,86,56,75,79,31,21284,868154,63535,720268,86072,2
31,9693,4139097,14,183058,91,54,94,121,108,47,49,34,163195,20984,5,5,5,0
29,8306,4794196,10,206494,94,109,39,106,108,39,75,45,718624,879407,554257,396837,518283,2
34,5996,4487234,11,165073,64,70,121,118,53,98,46,42,459302,884770,423124,148032,488811,1
25,5421,5015912,12,184014,66,116,88,86,123,60,43,22,333841,320995,575980,774399,696158,0
34,11164,4418987,12,207239,89,65,107,105,74,41,61,44,401443,487365,271982,124838,310254,0
34,7339,4770454,15,159135,90,74,41,120,111,50,51,25,528531,407405,176159,440706,41364,0
28,7716,4251256,11,185226,43,68,114,70,108,95,95,36,432094,100544,429798,704685,35152,1
22,7640,3828703,14,130292,51,79,43,56,60,41,62,22,1150939,1141001,293007,808450,431747,0
24,11484,4519841,15,121656,88,40,66,53,95,88,55,30,718258,676312,209484,346081,693440,3
23,9397,4693861,15,169257,128,60,124,77,99,99,44,28,934015,849436,679354,654554,196588,1
24,3896,4688988,12,135911,63,72,43,51,69,53,100,43,507330,255523,114139,284137,624077,2
26,5466,4377707,10,218636,80,107,66,62,88,62,102,25,809465,974987,396598,105339,807076,2
