attribute 0,attribute 1,attribute 2,attribute 3,attribute 4,attribute 5,attribute 6,attribute 7,attribute 8,attribute 9
8.353046105,-0.623560009,0.166936554,1.028592486,-0.454244341,1.213463394,-0.861548048,-0.533860616,0.397647923,-0.149413782
-0.154148699,-0.140346844,0.576002854,-0.18640802,-0.135696594,-0.037827403,0.11504373,0.736500553,-0.32443154,-1.1360693
-11.15916186,-1.502447081,-0.275254036,-1.543315175,1.310684575,-0.453203767,-1.302487411,-1.289505258,0.49873844,0.419707203
-4.765333725,-0.470268518,0.593717292,1.505893762,-0.920115348,-1.351260276,1.023137133,-0.818047025,0.451980599,0.429231963
-6.301301898,-1.831503863,0.688888679,0.852966329,0.012867171,2.093542654,0.742585192,0.598595716,-1.432784185,0.38889026
7.95969794,-0.211867798,-0.351519177,0.440666298,-0.395922993,0.353907007,0.245404194,0.397889034,-1.007007633,-0.097396204
-0.391140507,2.528583782,7.490465808,-2.655559161,-4.628181383,1.263497638,1.466647059,-1.90708589,0.384589897,0.609924573
0.04238608,-0.209399167,-0.821003723,-0.423024911,0.149711223,-0.279852838,0.880620761,0.879627857,0.376310451,0.665667967
5.056607196,0.196628594,-0.126874535,1.261535989,0.723250093,-1.676658184,-1.474324931,-0.505964429,1.28243543,-0.464764947
-0.53382757,5.867330049,5.965333264,0.490121167,0.810289637,-0.080494563,-0.234413478,2.688417889,-0.758775448,0.576441433
-6.634518814,-1.406389974,-0.104940363,0.133661856,0.524867217,-0.192480312,0.074982859,0.030000104,1.414182422,-0.383208664
-10.27244155,-0.484846998,-0.931565492,-1.386318656,0.881898859,-0.386493838,0.217854187,0.734057961,-0.499603047,-0.417774903
-4.11043034,-0.792382164,1.589414977,-0.89156423,0.102043974,1.230635089,0.82634258,-0.161779501,0.766045955,0.21906224
9.422279951,-1.1864652,0.643780328,0.771201676,-0.157365778,0.636567934,-0.873507479,0.062307112,-0.345454417,-0.0538455
2.381104693,-0.56191308,-0.49802251,-2.258982945,1.651929004,-0.015050466,-1.033182934,0.026164972,-0.033655359,0.943642095
-6.050634174,-0.683201638,-0.828606541,-0.805293122,0.505344749,-0.336538213,0.359183479,0.54221668,-0.907174262,1.186575694
6.494662014,0.816596111,1.116838035,0.892442047,-0.666146673,0.469968393,0.517311898,0.046897518,0.147952335,0.230631483
-4.358194656,-0.540130879,-0.711480682,-1.180234436,0.058211256,-0.228467193,-0.928492494,-0.218918266,0.721517948,1.524489185
-6.391707986,-1.110435801,-0.273701113,-0.702232103,0.3036626,-0.874510845,1.729422363,0.174792974,0.195440017,1.416265145
6.904568798,0.090907009,-0.144659523,1.010441845,-0.06556308,0.872512654,0.979814443,0.076045919,0.681356909,0.355747128
4.956112972,-1.766167789,-0.586665294,-2.653066711,1.678987107,0.677061061,-0.750691259,-0.419181804,-1.508670056,0.310629435
0.3298813,6.611044675,0.308828952,2.245361582,3.586878854,-0.222012362,1.116610404,-1.140857486,-0.06279568,0.086723009
0.253858725,4.695341717,-5.57239418,-1.963438474,-2.776530491,-0.025699846,0.190439343,3.043582048,0.112549268,1.063588721
-0.15532893,-1.13998268,-0.174004463,0.029248832,0.112437095,-0.677641733,0.340171322,0.455116139,-1.144706446,-0.503032681
-4.527354082,0.209679673,0.934020688,1.949809095,-1.105308651,-1.817939459,0.431098128,0.402786449,-0.662679863,0.065982747
0.533908012,-0.441194088,0.521343633,0.545992589,-0.968457803,0.550219984,-0.980874271,-0.207498681,0.449840848,0.750759017
6.033717759,-1.132620271,0.178338503,0.195929201,-0.313099774,0.477437199,-0.190274792,-0.669855824,0.653130117,-1.099221865
4.995615397,-1.373319004,0.572943099,-2.69410877,0.365729153,1.450276051,-0.542282059,0.616972898,0.730854109,-0.215527834
7.599195608,-0.894497899,0.054391855,0.953897666,-0.209054798,0.199937605,0.360095361,-0.106988151,1.525172588,-0.883165042
9.22946227,-0.462643812,1.217999702,0.827257773,-0.516301297,0.135665048,-0.224456318,-0.449152144,0.904589944,-0.71572015
4.891836046,-1.329660786,-0.669914771,0.30265358,-0.300060593,-0.170329457,-1.237407376,0.122352056,-0.548656627,-1.673953538
-4.732690866,-1.628593083,0.380410375,2.849495804,-1.391318853,-0.775423385,1.932090893,0.030783364,0.459453663,-0.02168266
0.718023203,5.717700317,4.075379208,1.70307742,1.560731564,-0.366992472,0.650172389,2.984268944,0.951872303,0.773608836
-8.921812,-0.727872196,-0.488942376,-1.589719952,0.41798498,-1.024034291,-1.523184941,-0.611467409,-1.329626624,0.648873118
-7.621141678,-0.685885918,0.065701845,2.159546565,0.861492629,1.764603323,0.255941197,-0.424813267,0.525170915,0.234295643
4.977608769,-1.520275006,-0.79404308,-3.175008623,1.945189187,0.580546271,1.699194896,-0.08683874,-0.892779804,-0.850419603
2.579642241,-0.387886853,0.539159815,-1.976401709,0.6911609,0.168226271,-0.97883144,-1.650822869,1.230434109,-0.104971394
6.745521786,-0.249460191,-0.508044315,0.004779339,-0.075492823,0.38841719,0.826520671,0.85443324,-0.673993816,-0.035050815
-6.326360933,-0.189884995,-0.680394735,2.297558938,-2.260594752,1.827396747,0.153494058,0.686844852,-0.829052038,0.655139467
-4.702927695,-1.929926921,-0.257705135,0.105887512,0.099369247,-0.82026993,-0.605973482,-0.310238144,-1.638411268,-0.997351432
-9.959394779,-2.575392367,1.015394335,-0.411642637,-0.433995598,4.406670653,1.962493206,1.970582946,-1.008478134,1.629403937
-0.505650464,-1.037617536,-0.518258386,-0.196450327,0.377484838,0.262774715,-0.740872492,-0.088374468,-0.617037183,-0.664134932
6.210027173,-1.54316063,-1.449542034,-2.092748927,2.631071327,1.201000153,0.976182203,0.120571481,-1.301717263,0.126634984
4.537006048,-1.465501419,-0.583581593,0.208384224,0.18011956,-1.684489782,-1.498747032,-0.990259344,0.949798052,-0.037079522
-4.967036382,-2.030799035,-1.081431154,1.854586763,-1.173217322,0.610180406,-0.882681896,-0.360313951,0.523445751,-0.438180085
-1.14277618,7.269078167,-2.452948762,0.236787148,1.278647634,0.681955473,-0.148142895,-3.707505022,-1.665254284,1.274204615
0.204454852,-1.616831265,0.252428056,0.168775989,-0.797565667,-0.034512926,1.250063286,0.526769364,0.145355625,0.559941331
-10.65381986,-1.006517291,-0.330760575,-0.812578158,0.57473916,-1.554559741,1.23735335,0.098025907,0.615099378,0.735440661
-0.762219187,6.215247624,-1.644496812,1.130075046,2.856252054,0.983978462,-0.722787585,-2.792760694,-1.107964109,-0.644091842
5.796015351,-0.263483131,0.275744313,-0.164392883,-0.33345311,-0.037783753,1.083619387,1.067210807,-1.529840943,0.024575331
-8.673489204,-1.265595112,-0.454066839,-0.301310918,0.549827689,-0.196891,-0.5127944,-0.653833962,0.717022835,0.817745487
0.510442283,-1.123643847,-0.920028701,0.110849553,0.186425447,0.096960488,-0.977132921,0.064505503,0.762082631,-0.400909937
-7.805742673,-0.130442165,-0.051096752,0.058125848,0.747684046,-0.000255348,-0.453072008,-0.148162905,-0.245710391,-0.220020465
4.544680191,-1.465020984,-0.014266678,-2.103515208,1.470514264,1.284868925,0.246635269,-0.429221009,-1.052006465,-1.617736334
-0.552491557,2.850627769,6.061298314,-1.968476476,-2.115793216,-1.493716286,0.90579411,0.572437797,-0.137100426,0.300237969
9.276247885,-1.354665295,-0.440888251,0.138084431,-0.099389229,1.011388285,-1.037502769,-0.601031688,-0.147605054,0.947848392
-3.977548529,-1.401656573,-0.090485689,-1.00977529,0.362811807,0.851199587,0.196917542,0.191245011,0.578392649,1.96781302
9.249515627,-0.154334943,0.039765174,0.978321655,-0.280187556,1.255774728,-0.281897269,-0.330804173,1.602682363,0.377173096
-0.287334085,-1.312520793,-0.270057823,0.157534543,0.070681228,-0.407804742,-0.895270836,0.113072784,0.52219773,-1.287430008
-9.997582325,-2.006955176,1.45880915,-1.139629076,-0.663769538,4.778412345,-0.766497757,0.225417385,0.94459385,-0.263959689
8.48651943,-1.522204738,-0.731120766,1.463350804,-0.698129353,0.513145363,-0.247032432,-0.021218082,1.181723529,-1.143869439
-9.480382805,-0.715554487,0.133549727,-0.090634664,1.040115049,0.529983704,-0.205379321,-0.250720493,0.71196153,-0.318156755
-0.115629007,-2.167835995,-0.591250201,0.322719072,0.072094031,-0.23141156,-0.179686411,-0.72272496,-0.101675016,-0.49250967
-0.691422217,3.66634802,5.126416881,-1.456577386,-1.175343128,-1.509217675,0.679462552,1.87357484,-0.465308053,0.594624505
-5.067904168,-0.677900199,-0.80302423,1.420152451,-0.347141543,0.565067468,1.812812535,-0.207908993,0.50413465,-1.405319988
0.046589451,4.487453934,3.687669023,1.157956275,2.674800136,-0.783055117,-2.411326591,2.623514755,0.184885979,-0.830031829
-0.14990051,-1.373743634,-0.241969479,0.106269879,0.501088308,-0.036742481,-1.189877309,-0.433467644,0.176750484,0.514861259
0.13529182,6.699121408,-4.364736775,-1.306833568,-2.088216722,-0.590347611,1.334897116,-1.917449511,0.192504655,1.331244962
8.471020951,-0.65464253,-0.246790182,0.464377647,-0.481184619,1.134316946,-0.852317358,-0.350660412,0.61988556,-0.395629121
3.767430202,-1.40445246,0.327332374,-0.948816584,1.37196394,0.797572902,-0.239141335,-0.130280269,-0.279150306,1.286656101
7.313074368,-1.75186092,0.052279537,0.471427493,-1.442524817,0.523280098,0.826098709,0.234595538,1.297531297,-1.110066493
0.404469354,-0.4464132,0.042654411,0.514794197,0.243547303,-0.448824637,0.381656534,-0.089774483,-1.592418919,0.024823393
-6.921260424,-0.107222716,-1.015099448,-0.702574428,0.426779768,-0.357268274,-0.325858704,-0.305691648,0.776715711,-0.484308273
0.473692047,1.550390936,6.853325249,-3.032799265,-3.512474269,0.489889104,2.178731655,-1.878192739,1.769377796,-0.02764154
-10.01356025,-0.234016966,-0.921443256,-1.265136248,0.616697802,-1.270606727,-1.722135834,-0.966220363,-0.740392854,0.787789891
3.686129587,-1.036692498,-0.528838362,-0.707319974,0.156457622,-1.261254504,-0.425278031,-1.158737574,0.981356084,0.90891387
0.002868195,-0.984750207,1.79201461,-0.212140976,-0.264097427,0.514075558,1.720197662,0.551157696,0.642430644,0.125007993
4.779082779,-2.209773641,-0.407044158,-1.757461879,1.690659417,1.873981484,-0.934158101,-1.005549065,0.545805412,-0.554152553
0.08635453,-1.448899172,-0.950162818,0.286997355,0.452988305,0.092419176,0.898482695,-0.225504398,0.250741282,0.405595794
-5.359401893,-1.159342913,-0.028780353,1.914853861,-0.777788653,1.727174951,0.482570276,-0.268826462,1.173340661,-0.485793712
-7.266123326,0.287191702,-0.909236025,1.987876869,-0.651168493,2.900848837,-0.664806287,0.375038137,-0.971371125,0.705372716
3.464613161,0.169197069,-0.558416438,-2.295411849,0.416318279,0.889487399,-0.996054034,0.168085059,-1.664456448,0.954358716
0.591305519,3.987623676,-3.318730482,-1.127275797,-2.393877114,-0.704568442,-0.312819518,3.543677913,0.222992974,0.74383794
0.143693281,3.06064253,4.251078388,-0.805169883,-1.498172557,-0.8434292,0.036936129,0.369056828,0.002832281,0.596059647
-10.09867591,-0.138490404,-1.277709089,-0.924705445,1.158953423,-0.363694335,-1.682895779,-0.661278214,0.031387917,-0.712340753
0.193796484,0.136985592,1.186574358,0.562122588,-0.329973088,0.301869131,-0.563206261,-0.726442888,-1.218527908,0.55349338
-0.457928548,-0.582278002,-0.526816603,0.130351345,0.40453212,0.60139436,0.729554025,1.199595184,0.835513991,0.863990027
6.746375899,-1.536376636,-0.170491189,0.832931485,-0.59510092,0.472436795,-0.09228878,-0.085297349,-1.727238747,-0.25244136
-9.136452468,-1.355921858,-0.226656702,-0.683995063,0.392487444,-0.211977944,0.223145205,0.729980352,-0.45746935,-0.82345259
0.163901539,-0.692307584,0.327527978,-0.658040572,0.298737468,0.163660385,-0.676765842,0.118203421,-0.954996494,-0.954045012
0.389316104,-0.265368987,-0.880741429,0.173094431,0.608511728,0.228553653,-1.093519435,-0.516474388,-0.269595278,1.90632924
5.140128646,-0.830595817,-1.270551553,-0.47763275,-0.220453237,-1.719283426,-0.038427295,0.412187951,-1.0187498,1.260602647
-8.39153909,-2.377960923,0.388959835,-0.910224277,0.217107099,2.887500519,-0.543679137,0.67426662,-1.062141357,-1.348035623
-5.81988466,-0.487861194,-0.138368865,-0.418832289,0.888334328,-0.614208228,1.349126866,0.082610021,0.547798294,-1.614853864
5.487709329,-0.577018753,-1.283491124,-0.472978247,-0.151670139,-1.704755933,1.222448015,0.54109204,0.210468715,-0.616599027
0.125993014,-2.071311167,-0.51304984,0.344415215,0.184090423,-0.013216832,-0.545524072,-0.256444353,-0.335844243,0.477578822
-0.377067458,7.460938661,-3.302003525,0.115853242,-3.099478673,1.413229941,0.725188444,-1.516605073,0.712131362,-0.603410086
7.019349969,-1.126947543,0.9487746,-2.084554358,1.146328732,-1.310785739,-0.268044218,-0.02986611,0.850022593,1.259871758
4.742243971,-0.56597886,-0.149500796,-2.063811586,0.597826611,1.558063532,0.783989517,1.735358861,-1.203185742,-0.292787298
0.088257121,2.451964898,5.298370647,-0.395399531,-0.62823445,-0.633103774,-1.383466467,1.45604917,0.206781839,0.159286496
-7.324592515,-0.804974864,-0.213936635,-0.830645488,1.147404067,-0.480007927,-0.318024183,-0.651597651,0.450410467,1.008489602
-4.614458654,-0.876102751,-0.232941023,3.799867721,-0.443254633,-1.182061876,1.442474703,0.069012942,0.862838516,0.366955818
-0.255983197,-0.954700935,-1.009477092,-0.105314034,0.940945576,-0.288726208,-0.145153312,0.104020609,-0.137215384,-0.681091933
-3.902040094,-0.252669954,-0.532573783,1.364034478,0.012737389,1.925558573,-1.004127723,-0.180548775,0.504424471,0.554050555
-8.104609603,-1.917071972,0.790926641,-0.153018095,0.169348545,3.47828268,0.749250322,0.925126595,-1.022884839,-0.714370225
0.007242175,4.542837319,5.037178037,0.656370868,1.432146561,-1.459219448,-1.717707851,2.469805576,-0.150938968,-0.089166701
-7.660612536,-1.582172277,-0.477922443,-0.619415042,0.142270249,0.23624954,1.263468481,-0.076938439,0.394976818,0.903121032
0.399749575,5.256477508,2.741279073,1.819376203,3.153699905,0.722404101,-0.228670836,0.930815621,-0.308195525,-0.627486262
0.33195351,-1.814529462,-0.069193852,0.612418834,0.467931652,1.133464236,-1.143840456,-0.191402354,0.057577825,-0.204396996
-0.106083124,7.021234704,-1.455376641,1.853162984,2.706672233,1.66291771,1.481488538,-3.024785183,0.387608922,-1.022319041
-3.832193885,-0.36989329,-0.16179354,1.650856393,-1.45961025,-0.212372966,0.559664633,0.045372724,-1.13193445,0.501275059
0.651815037,5.009126131,3.845507647,2.136544212,2.807836383,-0.051944848,-1.718124985,1.552644897,1.493404636,0.374241742
3.708051976,-1.76910877,-1.028226771,-2.244564477,1.187506101,1.320816154,0.659087959,0.954014719,0.142377198,-0.579621936
0.39216883,-0.891560309,0.149271717,-0.238087431,0.533005932,0.574858946,-0.807623685,-0.886142712,1.035493602,2.063153948
-0.736446336,5.899768311,-1.39340362,0.342769016,0.359257785,0.263968493,1.836130713,-0.980428411,-1.512346261,0.280858711
-6.83408506,-0.042043828,-0.908390431,-0.470786625,0.766653583,-1.359433837,0.701017616,0.407240195,-0.585706428,0.438004669
-0.051789886,5.838877428,3.411319797,1.986634321,4.0632862,0.322947378,0.522856364,0.685149264,-0.568182792,1.465983896
4.277264913,-0.870801424,-0.891709341,0.814787218,0.24433832,-1.190811008,-0.940812796,-0.550690271,0.718583233,0.334574382
-0.311632982,-0.78808518,0.229929832,-0.74411006,-0.255253886,-0.250427667,1.057988364,0.9567844,-1.777748938,1.013257069
-6.208039614,-0.694437981,0.042184556,0.26715757,0.649935561,1.16728972,-0.706342678,0.235882272,-1.088277195,-0.183266256
-4.604011087,-0.917565137,-0.828071368,1.084097737,-1.007921353,0.140774046,0.766984726,-0.131905488,0.583830104,0.236116488
-10.27243176,-1.746312338,1.33308115,-1.43343331,-0.487671705,3.865155467,1.087148391,1.045513037,-0.190491715,-0.672617851
-6.092533344,-2.093839818,-0.443838946,3.147975037,-0.849507956,-1.863154503,0.1558773,0.992715001,-1.211655186,-0.732539883
0.275527371,1.743946397,4.920263618,-1.490770044,-3.04486004,-0.468359702,-0.039197854,-1.273164011,-1.173025626,-0.049126154
5.557912868,-0.504420457,0.119112108,0.448782787,-0.159914041,-0.451510963,0.107718599,-0.426225237,0.496569174,0.854845971
11.36202134,-0.981762666,0.277792403,2.067590486,-1.415678863,0.808714026,-1.25268515,-0.15312187,0.508263604,-0.949895491
9.022948665,-1.081672019,-0.287792833,0.865163705,-1.10689628,0.831620556,-0.780879435,0.104408628,0.995919473,-1.40010692
-0.094515084,-0.463237048,-1.011656846,0.114153059,-0.057734756,-0.674137335,0.197968986,0.489475504,0.739882113,0.35311856
-6.674212151,-1.772185243,-0.556931075,-0.999519609,0.522421162,-0.499945137,1.210910991,-0.178531235,-1.039240365,0.241219548
4.354364509,-0.769524323,-0.181342555,-1.753915529,0.685387308,-0.689467067,-0.023716796,-0.181600457,0.432134392,0.559594192
-0.408581275,-2.010645068,-0.414689422,-0.366615975,0.347472888,-0.53178662,0.236007117,-1.022860386,1.030194304,-0.945270586
-0.438782208,-0.589826341,-0.091669336,-0.382918161,0.037913452,0.274026656,0.781017837,0.034672912,-0.628082904,-0.863654581
-9.11399318,-1.190298892,-0.17955078,-0.958270253,0.335425963,0.431830977,-0.663040041,-0.55961922,0.727281319,1.432579636
5.398725865,-1.565735418,0.270313779,0.890111161,-0.159098083,0.66423965,-0.982228012,-0.087682064,0.489639171,-0.086070051
9.76972206,-1.668154729,0.342845994,0.830255907,0.145150863,0.774245624,0.154556635,-0.376558225,-0.924794982,-0.29908741
-0.23322602,0.066657703,-0.102730736,-0.640028776,0.112644284,0.565706725,-0.546987221,0.459837157,-1.269440772,0.139502116
8.567695784,-1.157037835,0.303948832,1.105485265,-0.63167205,1.071735991,-0.697366366,-0.532586305,0.676747727,-0.901654197
-8.795895434,-0.209243231,-1.030066369,-0.869579267,-0.14205427,-0.571462142,0.040524514,0.393374769,-0.047977929,-1.16639371
-0.388545316,8.293850325,-5.579867518,-2.141243955,-1.784145129,0.577968148,0.925802965,-1.321417501,-0.668735691,-0.818472614
-8.434481325,-0.975503798,-1.168777327,-1.290304121,0.2241409,-0.659534686,0.949393622,0.542208257,-1.630367812,-0.465684704
-9.145212817,0.443079849,-0.996142862,-0.930828007,-0.27567606,-0.693055585,0.498975698,0.111234297,1.222460028,0.971956627
8.136665448,-1.053005251,1.041754995,-1.882406639,0.430737097,-1.85266104,-1.605754731,-0.443599246,1.406210947,0.975285925
7.466187142,-0.514515064,-1.397849274,0.876742165,1.060126253,-2.890643678,1.503426948,-0.184191147,0.213423069,0.828352404
-0.81978601,1.384059938,7.844017662,-2.981890801,-3.981638113,-0.453219202,1.675064366,-1.324327236,-0.883976439,-0.531383709
0.320038269,0.737227656,5.783823779,-2.493840893,-4.089974753,0.260272895,1.473578433,-2.242764211,-0.843559202,0.470696841
0.148374161,1.175369865,5.884288477,-1.872730641,-3.456983919,0.507840114,-0.55177845,-3.014513705,-1.030969984,0.263961479
-5.379507562,-0.637398109,-0.044375087,-0.337297934,0.25869399,-0.515005158,1.440103081,0.035467422,-0.426747598,0.927029959
6.632396596,-1.061124341,0.354041353,-1.474278663,-0.082650753,-1.487164871,1.69190486,-0.053982592,0.406219538,0.776755316
0.173441755,-1.80054185,-0.416660001,-0.215476188,0.795924506,-0.584327238,0.870651267,0.033562842,1.108262834,0.776170202
-0.024906527,3.941904901,-3.099508404,-1.988906421,-1.559672426,0.844146548,-0.72588018,-0.158016108,-0.71722008,0.615450731
5.285041716,-0.6820669,-0.186082916,-2.680569572,2.14487228,-1.295501641,-0.241642958,0.462743035,-0.573713357,-0.662339147
5.539231136,-0.362412649,-0.027632851,0.211719442,0.223815613,-0.7820619,0.985357085,1.110517966,-0.679797145,-0.992875697
5.18344563,-0.705912153,-0.007724171,-1.213211407,-0.071644434,-0.9678819,-0.706560192,-0.240221578,0.670747265,-0.58494635
0.029603937,-1.573322349,0.622623857,0.573410109,-0.094993505,0.266403268,1.67293457,0.106706249,0.549589849,1.151296379
11.29406728,-1.837867052,0.149697501,1.173305049,-0.86425491,0.239177215,-0.268947095,0.180558739,-0.880378651,-0.339430881
-5.028957529,-2.475746094,0.02326999,-0.207984933,-0.066566507,1.754826738,0.891247416,1.144324903,-0.776083605,-0.092769347
0.50251737,1.474619981,6.216586227,-2.118042458,-3.630537802,0.69767853,-1.238006556,-1.850374529,-0.28357145,-0.107415253
7.538846257,0.133121432,-1.193048827,-0.001007163,-0.34338377,-2.901296897,0.454051361,-0.168182928,1.290550144,0.48451618
0.128517408,-0.777612179,-1.356211816,-0.708361675,-0.158774529,0.055818994,-0.764875259,-0.37372525,-0.964690313,0.265927156
5.531088011,-0.153058972,-1.014739551,0.051645037,-0.421039987,-2.00267308,-1.423235567,-0.740345672,-0.275343942,-0.118452192
6.628456513,-1.539285265,-0.274737569,-0.779025976,0.176473086,-1.893719533,1.11184922,-0.447646031,1.292379238,-0.199390293
-10.16912347,-0.703447287,-0.23434906,-1.160841844,0.148043524,0.525096661,-0.239599439,-0.631043942,1.299744817,-1.356287771
5.746638439,-1.022171215,0.096589249,-1.965579366,1.578886464,-1.095805159,-1.157413696,0.605121467,-1.082877689,1.671123108
0.313493919,-1.623317565,-0.066437627,0.892988102,-0.521594364,0.526782477,-0.139666124,-0.101920712,0.436379027,1.436251458
-8.156111144,-1.883212376,0.421813199,-0.883030239,-0.538551246,2.334504607,1.86407947,1.330495015,1.43599406,-1.032796832
-0.273982471,5.307685522,6.448548479,0.138537773,2.140694635,-1.533807133,-1.296396642,2.461011522,0.411313891,0.442524433
4.106727947,-0.068350525,-1.504115147,-3.036523965,1.421626741,0.100989144,1.118510417,0.668133841,-0.862258288,-0.355368264
8.968015063,-0.495087695,0.22336,1.018820308,0.135593128,0.417022731,0.861646855,0.282706553,-0.106253873,0.84645075
-0.446564611,3.060225523,6.88653777,-0.988676884,-1.947991937,-1.02819661,0.38303947,0.463287996,0.659564516,-0.897432205
-7.954083605,-2.099679065,-0.02644296,-0.938249997,0.73437177,-1.145464231,-1.146640266,-0.844530134,-0.468764187,-0.263118403
-7.819992487,-1.700794462,-1.813066913,-0.655813593,0.916156722,-0.576955611,0.031609326,-0.162820221,-0.200906682,-0.610150857
4.839983438,0.438459672,-0.374930653,0.519927476,0.312505771,0.318512107,-1.131890529,-0.512630208,1.154769853,-1.298021494
-0.188079942,8.773604798,-4.122589668,-0.861725857,-1.124050737,-0.162910498,2.336186972,-1.868797317,-0.125676525,0.133294512
-0.530704194,4.813801727,-3.362748598,-1.37717881,-2.17472882,0.471804925,-1.107432118,-0.068623965,0.754441389,-0.912102287
7.948367168,0.614086077,-1.405137874,1.149646348,0.656076134,-3.44882341,0.558225361,-0.090786223,-1.364365875,-1.15456652
0.200042129,-0.765923892,-0.351858603,-0.18900872,0.78612654,-0.748746185,0.010046794,-0.790339588,1.129157507,0.33323328
-10.57425274,-0.503187454,0.521089253,-0.771655161,0.762507245,-1.103854467,1.179732109,0.074235085,-1.168485801,-1.582184389
-5.17191489,-0.96563009,-0.414204866,-0.747309781,-0.068654541,0.1339247,-0.416860955,0.186860331,0.810574031,1.110221653
-0.535983186,-1.211273699,0.483638512,-0.056967919,0.949419994,-0.1321416,0.577637893,0.071526152,-0.952173396,0.615579352
-4.600475479,-0.210460161,0.525802138,0.409176756,0.200205933,1.299034497,-1.194263104,-0.121777113,-0.973782531,0.179221333
-0.273978135,-0.597887918,-1.042252177,0.327580834,0.351944362,-0.100576228,0.978164576,0.349438299,0.400913815,-0.792454922
11.02900779,-1.866231963,-0.855257286,1.552549181,-0.342729764,0.076475667,-0.607410202,-0.553434891,1.306965497,0.298776302
9.137584987,-1.655021915,0.546045233,1.239338009,-1.394515311,0.604534761,0.7705026,0.087099047,0.407694222,-1.128350096
-4.606387285,-0.618509258,-0.347005948,2.575504221,-0.402836141,-1.324396362,-0.911056549,-0.826093402,1.136012409,1.514678179
0.00722567,2.63056937,6.751888753,-1.580210685,-3.093615294,0.003932611,-0.921936152,-1.629883047,-0.170305912,-0.896255076
-5.525151011,-1.671552304,-2.130682426,-0.708487958,1.007748812,-0.887059204,-0.432216207,0.592274418,-0.616762247,-0.575477166
-6.571706704,-1.974911555,-0.064456406,3.602312145,-2.92973466,-0.571770818,-0.979191767,-0.485982062,0.289942241,0.076495639
5.056620296,-1.461816348,0.817579972,-0.160507274,-0.164848381,0.258059432,1.428176834,0.174987304,0.878974337,1.191975381
0.497588236,-2.093749037,0.705274544,0.190742943,0.099281604,-0.132818061,0.22543445,0.130515219,1.128032519,-0.005935779
-5.583378541,-0.338583836,-0.149012865,2.044162916,-2.192951691,-1.510655717,-1.536431943,0.321404536,-1.12555631,0.076920894
-0.037289037,7.712339809,-3.851775469,0.239742866,0.337770983,0.578190043,2.665726489,-2.043321314,-0.496975704,0.022706032
0.07579043,6.621795801,-5.298534284,-2.717038261,-2.548770268,-0.180335349,-1.027559062,0.656136905,1.979926344,0.440079748
0.24992348,-1.768628035,0.404643325,-0.746881715,-0.348518846,-0.395488926,-0.432092357,-0.591958173,0.029456541,1.239609947
-3.947440021,-0.166140495,-0.179746657,1.653825695,0.670406473,0.761927595,-0.631830513,0.062755457,-0.926661926,-0.41643693
0.20060261,2.487295553,5.5037642,-1.518360944,-2.049508499,-0.629119388,0.069144168,0.923504763,-0.959973502,-0.631355847
-7.145808789,-1.66468778,0.514038774,-1.206539988,0.051652815,2.619828059,-0.567387925,0.399576202,1.567867589,-0.942606014
-0.424168453,-0.522677424,-1.36156262,0.515478437,-0.313047902,0.558131229,-1.283661645,0.531416287,0.132566013,0.796786618
0.453159766,6.034268781,-5.9401708,-1.802277582,-3.628938388,-1.389141672,-1.894521943,4.414133313,-0.147417125,1.528131084
3.628782034,-0.459906619,-0.234901448,-1.372532604,1.377733012,-0.244141515,1.958928931,0.616618726,1.254686055,0.800766019
0.413120949,6.681922907,-0.255214692,1.142100832,3.314539062,-0.195023356,0.366073581,-1.192115932,-0.123651689,1.508537608
0.466686921,-0.856046264,0.063157125,0.647631387,0.447878111,-0.755411909,1.649707653,0.052901805,-0.071670451,-1.08983377
-0.38573233,-0.33530572,-0.66993421,-0.21003889,-0.598023368,0.087959176,-0.425797446,0.589290663,-0.47273423,-1.262750225
-0.900216083,5.922942235,-1.681483207,-0.49730711,1.154611101,0.545669661,-0.239718603,-3.159553103,-0.228718714,-1.183521308
-9.554194418,-0.764134097,-1.597153421,-0.391222503,1.182959435,-0.589529255,-1.622697313,-0.60888413,0.376073136,-0.462720247
-7.217190968,-0.823364425,0.413199381,-0.378346966,1.073752503,-1.749274422,0.483709784,-0.663446973,-0.368503803,0.957763594
10.30347688,-0.938795166,0.024266878,0.225684857,-0.042457938,-0.077265582,-0.656358208,-0.38875695,-0.942539938,1.550874373
-0.244498492,8.078334272,-0.413262454,1.480285962,3.181664646,-0.191209484,0.852923692,-3.016324169,-1.34104122,-1.658296987
-2.961414745,-1.334051424,-0.544725282,1.851172461,0.101697001,-0.59472972,-0.604419668,-0.717870993,0.596292069,-0.169814662
-3.74445276,-0.628961939,-0.304652165,1.167417167,0.369088535,1.985437243,-1.618688434,0.00325849,-0.549937313,-0.41702951
-0.840584864,5.567011474,5.53407981,-0.200727613,1.329839914,-1.645680022,-1.487191756,2.979428282,0.383018954,-1.030973095
-7.178183314,-0.497769682,-1.253808831,0.182163832,0.198229431,0.01389688,-0.522349859,-0.086459964,-1.283294957,1.216213886
6.294340729,-1.490295658,-0.958280466,-0.810784259,0.044342373,-1.480983856,-0.894347071,-0.976059611,0.744216199,-0.175651678
-8.822386958,-1.453449761,-0.196782244,-0.774052474,0.835405357,-0.407595811,1.271218579,-0.035675627,1.216338143,-0.649158755
5.969584283,-1.063008288,-0.099575821,-0.021121964,0.025311173,0.061725442,-1.63174916,-0.662981067,-1.074945729,-0.258323226
-0.546358901,-1.423220673,-0.226657486,-0.717834731,-0.076114209,0.01330927,-0.472921143,0.278471371,0.184582087,-0.527720284
6.059914209,-0.090844978,0.146888314,0.606025634,-0.840873325,1.135797787,-1.553146154,-0.039852969,-0.647742096,0.372380804
-6.765923921,-0.362813519,0.486461137,-1.038474702,0.145690239,-0.411903254,0.24189436,0.578704958,-0.423698634,1.274780287
-7.46691772,-1.34081725,-0.982852224,-0.786687277,0.842781837,-0.87341547,-0.771622841,-0.590324026,-0.248886658,-1.184245163
7.387341071,-0.929820127,-1.49392807,0.655411869,-0.40609354,-0.166590137,0.53885427,0.480762361,-0.720916502,0.084693496
5.980296004,-1.023466135,-0.362007407,-1.678391563,2.056439278,0.462747477,-0.540225614,-0.329689824,0.048920125,0.564884876
-4.722050494,-1.033536285,-0.701623006,-0.12897746,0.188904442,-0.309545921,1.224186805,0.418963771,-0.565751679,0.417729691
-9.028397981,-0.953822558,0.395471075,-2.123530606,0.605873625,-1.100381779,-0.279107705,-0.277610545,1.409139317,-0.093240013
-7.71287532,-0.228001349,1.61356841,-0.510113141,0.141136385,2.796389077,0.35107514,0.654602092,-0.473609117,-1.03875209
4.621413278,-2.438260352,-0.548441493,-2.60251306,0.308293772,1.498937896,0.90906781,0.377871159,0.180421083,-0.839397697
-0.046801496,-0.627480846,0.635156507,-0.649149838,-0.05528534,-1.011520416,0.295514307,-0.184033438,-0.110003061,1.649454194
0.078336224,-1.670274214,-0.719219677,-0.225501165,-0.184279862,0.773827974,-0.743664705,0.595251735,-0.333179495,1.319081661
5.269131105,-0.517443562,0.017670796,-0.060093243,0.171029784,0.223058423,0.177999517,0.419582321,-1.120725155,1.181497972
-6.243736923,-2.721301178,0.189009984,2.946260453,-1.785920131,-0.155838303,-1.398378861,-0.956462274,-0.709152853,0.444248371
-0.588423999,-0.191538975,0.214780014,-0.449281131,0.80894407,-0.46809249,1.115220387,-0.121744235,-1.235163748,-0.489786475
0.137526099,4.865770153,0.098506511,2.478280372,4.700764594,0.452536118,-1.550951142,-0.648988114,-0.481938717,0.090999837
-5.983117627,-0.728454131,-1.021910968,0.030403559,0.168291547,0.012939311,1.756448104,-0.029481639,0.380593587,0.161864851
-6.329709547,-1.498363618,0.774133402,-0.477726726,0.699472619,0.372748234,-0.582922273,-0.616075154,1.19585661,-0.037663344
0.24990198,-0.071706389,0.36380678,0.071526869,-0.627122863,0.199013184,1.125244718,0.324017712,1.175175286,0.883336751
-6.420254283,-0.880157381,0.738129326,2.472705879,-2.505802511,0.11374102,-0.052214836,0.101660764,1.437746693,-0.893193711
5.516652955,-0.453667506,0.690843314,0.638684355,0.17082938,0.927795184,-0.877593083,-0.867775421,0.840306522,0.544155612
-4.228882711,-2.118727157,-0.167752088,1.986498255,-0.65746845,1.619711786,1.384008045,0.897732866,-1.752622926,0.357423328
4.59959991,-0.840831994,-1.18718091,-2.484779719,1.116931036,0.519938447,-0.385184555,0.026616747,-0.668163361,-1.213346521
-9.61388948,-1.437285959,-0.954991051,-1.374310116,1.041669496,-0.247463002,-1.556042148,-0.41293456,0.679171963,-0.656967896
7.865768757,-1.582572566,-1.876654031,0.078756491,0.027355058,-2.328677458,1.191479987,0.531635704,-0.614117902,-1.476465838
-2.473367912,-0.987674917,-0.579353077,1.379378973,0.075571363,-0.944335902,0.424192605,0.103699636,0.695161214,-0.660736822
-7.703098209,-1.348986765,0.29948818,-0.480930732,-0.381595344,0.352389719,-1.096833635,-0.926923076,0.467722455,-0.732144834
10.23895691,-1.042331703,-0.471962535,1.454449462,-0.052626443,0.45128368,-1.119966949,-0.123087019,0.930268584,-0.722861079
7.943919072,-1.062643528,-0.651912663,1.657680588,-0.559694956,0.932800012,0.225323959,0.421818093,-0.938242978,0.46088104
-0.278775463,5.74283031,-5.414178275,-1.929456942,-3.045038382,0.029208362,-0.821815106,4.428649492,-0.476215499,0.555824323
-0.8808544,4.247138826,-2.574001959,-0.846750027,-0.541718078,0.294861155,-0.661870765,-2.827611437,0.741126352,-0.319772786
-8.329993921,-0.632247419,0.095349819,-0.660343103,-0.168870756,0.030685592,-0.646574012,-0.341684449,0.659538959,0.33437285
9.362295297,-0.06090422,-1.704727408,0.420085766,0.225917116,-4.246912572,0.064661062,-0.869870713,-0.864413351,0.799385626
-0.083050317,7.562910021,-5.206801803,-1.691443011,-2.841563265,0.10770045,-0.697140282,0.506807174,0.124343859,0.016019021
8.442070506,-1.438013637,-0.151451745,1.00674203,0.195162583,-0.476233966,0.668560655,0.413230459,0.023508518,-0.818159344
0.000861953,0.276245671,-0.427825971,-0.197734058,0.440612871,-0.942309072,1.052757105,0.468520544,-0.295182404,-0.500688637
2.803841099,-0.820530291,0.102323734,-1.793843227,0.841251618,-0.250402137,0.180954159,-0.009693357,0.944838251,-1.017902703
6.835250235,-0.650519374,0.399076772,0.736997566,-0.896780971,0.284210895,-0.244548591,-0.034872758,-0.57365091,1.113802955
-7.009000676,-0.485272355,-0.564444577,2.23698716,-2.454231129,0.69034488,1.682950849,0.586879285,1.176948633,-0.727609333
-7.683009833,-2.241198578,-0.165576767,2.670332673,-1.709100848,0.703213738,-1.234999788,-0.460636308,0.002762689,-0.224546812
9.39276084,-2.007936351,0.040171788,0.476044944,0.113935242,-0.219896275,1.887510597,0.11900909,-1.350363921,0.444186007
4.152339032,-1.483801831,0.294421147,0.389712836,-0.141575505,-0.154661967,0.287010047,-0.157661099,0.464500937,0.214646242
3.377698473,-1.347956351,0.229893003,-1.337226945,1.236444463,0.943999558,1.065024538,0.09983278,0.169667916,0.247608983
-4.761486483,-1.577059343,-0.12302086,-0.307692222,0.265424678,2.308316687,-1.340770483,0.244438795,-1.174642497,0.645410319
6.511955373,-1.981923226,0.205331886,0.584466495,0.303454192,0.490992432,0.733813306,-0.445029272,1.103778547,-0.990829368
-0.081462247,4.83174426,-5.328935284,-0.287242907,-2.333025459,0.999444141,-1.404033655,1.369352492,0.238473533,0.443717142
-7.922527379,-0.94946958,-1.297852171,-0.878739639,1.467183833,-0.103968723,-0.336086233,-0.139127062,-0.242399973,-1.300386268
-9.961300211,-0.659524621,-0.004644767,-1.181131051,1.078690307,-0.634524374,-1.513856663,-0.537341779,0.4175571,0.089631406
0.12883466,6.471278081,1.908085118,1.786662177,3.839711473,0.868677976,1.387783786,0.125006442,0.150335441,-0.534573684
-6.137980378,-0.785374302,0.047978012,3.09359818,-1.828531286,-1.577186679,0.357131445,0.719405906,1.069697139,-0.625060009
5.83361816,-1.737221445,-0.290073497,0.736582069,-0.243079024,1.052089667,0.757898882,1.051540095,0.968559872,0.6866861
-0.396525565,-2.067718426,-0.28275377,-0.143779077,0.205171536,-0.263098129,-0.864950812,-0.265411016,-0.185986554,0.010236392
3.481091473,-1.133252988,-0.228140465,-0.374859095,0.499943262,-0.60162253,-0.242803927,0.122992259,-0.982662298,-0.008827208
-5.778815602,-0.394946976,-0.716715918,-0.491024919,-0.120894425,0.657315733,-0.234040436,0.308164299,-0.655143215,-0.821478071
3.892937559,-0.335896575,-0.012481438,-1.721722615,1.71222948,-0.986278422,-0.578020118,0.342633983,-0.969460684,0.790450048
-4.837804927,-2.060666894,0.674349825,-0.831808752,0.030250969,0.522530399,0.802291776,0.773277559,-0.933567323,-0.196076829
10.41617499,-1.020508298,0.104351402,1.469104987,-0.775098531,1.456163617,-0.974849035,0.151388808,-0.945704521,-0.08563092
-0.415742317,6.212463314,-3.632434893,-0.205949741,-0.742736177,0.454778475,0.47822781,-2.220963261,0.069551521,-0.84612974
5.781135411,-0.628012768,-1.054548244,0.848996063,-0.404191518,0.449116273,-1.204004463,-0.616504739,-1.174983365,0.160621137
0.056466695,0.200282616,0.766637594,-0.087657025,-0.218443991,-0.323099683,0.729713703,0.030500933,0.667896948,-0.117873249
6.067626683,-0.472644878,0.444277127,0.784440711,-0.109700404,0.606501649,0.3308729,-0.348251221,-0.890163536,0.496697389
-5.016846498,-1.794928185,-0.242395375,-0.497649923,0.548999822,-0.74494789,-1.268965408,-0.551665615,-0.269902702,-0.510457941
9.733460757,-0.790477663,0.789676683,0.098936822,-0.826515561,0.586915174,0.240490622,-0.121299052,-0.826625107,1.006978999
0.384263872,6.48253457,-3.640926871,0.892614449,-0.919161001,0.943863836,2.456861536,-2.708185415,0.108239941,-0.478502408
11.52713321,-1.07709123,0.143042883,1.615445141,-0.889879367,1.697321986,-1.085489143,-0.356115711,0.68025107,-0.860128065
-4.807531446,-1.713666493,-0.42885082,3.24991606,-1.327487672,-0.488388718,1.185448619,0.259124092,-0.899781946,-0.878695844
-9.97580305,-1.921649006,-0.176269504,-0.765349517,0.088879282,0.306026047,-0.382636923,-0.702287779,0.082712108,1.774323504
0.32837296,-0.08593201,0.196461105,0.76307481,-0.602194103,0.137960413,-1.290023383,-0.812933288,1.018037664,0.227840958
-6.248668043,-2.073800289,0.258225879,3.256253215,-1.690580839,-1.154532434,-0.844069726,0.371210715,1.113365376,-0.267460062
-8.975543159,-1.858150788,-0.305576543,-0.993356737,0.95242517,-0.713896342,0.014974075,-0.706342874,0.09684471,-0.96476277
6.503784124,-0.080347724,-0.900983739,0.258552972,-0.214335156,0.203350524,0.445801711,0.553764069,0.042216428,-1.767508893
9.640656367,-2.053219168,0.881906736,1.004413156,-0.208293045,0.612811143,-0.081939734,-0.162131025,0.287698462,-1.016783227
8.452188617,-1.545862735,-0.359268389,1.119450466,-0.596152661,0.398256056,1.189029287,1.18503496,-1.199547768,-0.659149644
-0.20120763,5.573532435,4.685079272,1.144827526,1.780335815,-0.152133139,-1.811894287,1.786927042,2.163303197,-0.057337468
0.309231046,-1.109202473,-1.297733643,-0.022384005,0.786015112,-0.761242735,-0.490193672,-0.316934414,0.078140593,0.336770871
-3.73867771,-0.399662887,-0.629744721,2.054580661,0.02339815,2.148040223,-1.254171591,-0.066555145,-0.774202101,-0.376894098
10.92645761,-0.864614022,-0.464402865,1.1023127,-1.004980878,0.953247293,-0.200416824,-0.206100372,0.396533108,1.060047744
-0.327595781,-1.560692009,0.126195423,-0.126491055,0.493414425,0.209540029,-0.218149396,-0.566592347,1.208974329,1.346739358
0.530135223,5.376361575,6.390150608,1.246851116,1.008749311,0.101821924,0.451456369,3.34548686,1.002848905,0.593275364
5.126710055,-0.599905858,0.142423718,-2.542691245,0.941727497,0.424976436,0.471229319,-0.298093016,0.88822576,0.40582993
6.280855668,-1.713932323,0.041079509,0.130284178,-0.609274736,-0.424630493,1.65035024,0.178675952,1.046448628,1.209930074
0.268426175,0.153723677,-0.39386654,0.919356713,-0.353410246,0.13918002,-1.254468624,-0.060402052,0.95259603,-0.455009195
1.830254974,-1.867788543,-0.814102687,-2.174752408,0.725697728,-0.217780282,1.195476951,0.943766115,-0.311075724,-1.118873468
-3.90794621,-2.077668424,-0.114522996,2.482777546,-0.800665245,-0.786630856,-0.02043606,-1.309362219,1.075781142,0.749543728
0.488799469,3.176802405,-4.887011332,-1.490843328,-2.361514643,0.305528888,-1.796467228,3.10164483,0.592141114,-1.22346488
0.134209779,-0.651991689,-0.278076745,0.589331373,-0.809447375,1.126475707,0.965494933,0.265793124,-1.009597436,-0.004346321
-6.002950602,-1.642585887,-0.700386576,-1.092661982,0.336011834,0.063591666,-1.999321872,-0.022484895,-0.877714251,-1.526916131
8.400188316,-0.328925942,0.350299182,0.214042105,-0.119919441,0.456598129,1.27226765,0.699380523,-0.885854673,-0.96284576
2.774884573,-0.688116938,0.258557269,-1.559701172,0.630927747,0.671523239,1.456696136,0.579822068,-0.720865531,1.596739695
0.438387658,3.202691728,-2.770617285,-1.458958014,-2.262616028,0.116190805,0.85572892,1.128599046,0.438805736,0.135520546
3.650577292,-1.770982849,-0.880147281,-2.685452138,1.093696112,0.644589076,-0.274388858,-0.316904858,-0.596077824,-0.133785505
-6.673250411,-2.935087596,-0.23197351,0.059847008,-0.127850142,2.638475315,1.505849699,0.815193421,1.33091345,-1.26373528
-6.007754016,-1.063931964,-1.737170983,-1.681055555,1.094600912,-0.736444633,-1.048377674,-0.238451283,0.203469723,-0.0356802
-10.1754297,-1.963582537,-0.420579924,-0.957096875,0.626699331,-1.348533223,1.306732556,0.12598447,-0.239396978,0.103313256
0.372278745,4.377386995,-4.737268436,-1.540039494,-2.587615432,0.343535363,-0.981468536,1.966749773,1.292256029,-1.557166746
7.71613137,-1.286797708,-0.010804029,1.420584524,-0.731798456,0.869361146,0.012016241,0.132823221,0.647544572,-0.342682975
-7.622168074,-1.390627467,-0.615060604,-0.135991592,0.15877696,0.17203291,-0.555050306,-0.383576512,0.379280645,1.603196034
-8.268055696,0.265654622,-0.390280386,-0.918413776,0.568545678,-0.934604472,-0.856398576,-0.299396711,-0.838268722,1.017750647
-5.377058487,-1.672279716,0.241167383,0.017922475,1.281581042,-0.726115109,0.742332156,-0.366397501,0.5663095,-0.399623052
-6.660136905,-0.765184133,0.101960342,-0.455277953,0.773517216,-1.200147582,-0.015225055,-0.143750719,-0.340964707,-1.632775067
-4.143045696,-1.400771826,-0.472423693,2.483766765,-1.046246533,-1.518219562,1.914262357,-0.475562636,0.69872205,0.730501297
0.077063217,-2.090583,-0.415976055,0.076814544,0.139282931,-0.296028854,0.496598207,-0.180029428,1.0725873,-0.517998852
4.301256163,-0.759479864,-1.328172921,-0.27002515,-0.236394769,-1.316025315,-1.125126693,-0.338141564,0.388870721,-1.503041301
-9.596326917,-1.169444708,-0.211302806,-0.583801859,1.348254186,-1.638727905,0.213909959,-0.259071019,1.412416618,-0.97174559
-9.176481938,-0.584180558,0.041215388,-0.520353725,1.077385866,-0.937948816,0.694588508,0.603689665,-0.177344457,-1.398514876
6.772502271,-2.018767225,-0.68301992,-1.382005793,0.041603071,-1.080648347,-0.615173345,-0.699562759,0.862981577,0.574529968
-7.151803194,-1.137348279,0.843623784,-1.126814748,1.23009105,-0.75873459,1.641144097,-0.148456383,0.628419209,-0.240205847
-0.197200428,6.4898563,0.141537397,1.335279347,3.499038692,0.695865175,1.324772322,-0.827516541,-0.095312228,0.041288455
0.536982035,5.41668486,-3.833615482,-0.936679862,-2.599707174,0.325120942,-1.271822,-0.157174207,1.08862012,0.235092198
-9.451008161,-0.18054983,-0.321982069,-1.210337096,0.922673937,-1.48534958,-1.293950379,-0.406581565,0.06039356,-1.337675062
0.077326077,-1.487915039,0.083056457,0.144556828,-0.237506992,-0.228435104,1.047368174,1.044377677,-1.725815784,-0.500108264
-0.538097698,-1.659189518,-1.119457635,-0.374063275,0.09519659,0.092220928,0.772781308,0.48183582,-0.143907647,-0.726838141
0.128447094,-1.453130686,0.310876548,-0.307115532,0.447925915,-0.414471877,-1.844264707,-0.524932557,-0.553685208,-1.486346445
-0.321751216,1.743681843,7.742187042,-1.725653611,-3.886055884,0.187343,-0.621678875,-0.946265205,-1.710466556,-0.892399362
0.091289889,4.576304528,6.012154887,0.677208762,1.812488138,-1.006338699,-0.446076745,3.203044567,1.797546963,-0.778636879
-7.329453407,-0.911336999,0.542253147,-0.271809786,-0.156600003,2.770246053,-0.797834134,0.95275124,1.32542786,-0.720711109
-10.28700628,-1.728937647,-0.330909295,-1.015382586,-0.082619856,-1.002896558,0.520568085,0.013992597,1.147174226,-1.062212986
5.741648545,-0.521111744,0.245897833,-2.946250601,2.472056569,-0.792381868,0.292876593,0.593368142,0.056661433,0.468973684
7.172137753,-1.686546262,-0.715195131,0.726028578,-0.56599746,1.172170888,-0.024977294,0.640862903,-0.784950729,0.871988906
-7.204345252,-2.001865581,-1.37229825,2.632988488,-1.213134877,1.626761454,-0.18292415,-0.000880524,0.851597419,-1.35754817
-0.085703967,5.582571859,-6.297300936,-2.230517173,-2.616989222,-0.092393586,-2.513002432,0.994520291,-0.58002392,-1.210620536
-5.252592076,-1.346607369,-0.233333043,1.057697358,0.161458372,1.426434602,0.282208516,0.026727466,-1.340469889,0.227845845
-0.087726584,-0.800339215,-0.882914904,0.143456886,-0.052109895,-0.184022615,0.930746893,0.351325666,0.365406279,1.313196103
-5.308325685,-1.967980538,0.523086313,-0.91656861,0.057051191,1.436300884,-2.031263737,0.244635331,-0.836897272,-1.326820314
-4.989294977,-1.559008582,0.937640166,-0.556541176,0.338948685,1.598280247,-0.612316101,-0.229548178,-0.089447834,0.596497641
7.533744613,0.203129986,-0.576481349,0.545688625,1.072260285,-3.100247815,-1.420609529,-1.682472289,-0.738840898,-1.91807079
5.471597473,-1.606021203,-0.404002538,1.373095534,-0.1887061,0.362778977,-0.821571635,0.06291416,0.204607647,1.501270133
1.806979567,-1.591022327,0.070384133,-1.456807871,0.549000938,0.459409491,1.427550177,0.359739785,0.485953652,-0.898842511
-5.280095907,-0.792320879,-0.42237871,0.747554996,0.200988087,0.706798665,-0.878363492,-0.545773267,0.686734386,1.191532952
0.298939587,-0.144899343,-0.000279273,0.050662902,0.05752665,-0.750167201,1.788066508,0.110626369,-0.456876916,0.589355761
9.931373864,-0.754523797,0.371991121,1.547030615,-0.777305967,1.313539782,1.340801133,0.283063239,0.78947605,-0.183551275
4.636525706,-2.41325938,-0.103748463,-1.11058396,2.049825918,0.675110764,-1.236848379,-0.685211293,0.636807764,-0.219207807
8.095297267,-0.964090032,-1.394939755,0.903683469,-0.265900016,-2.874746772,-1.472106104,-1.163916614,-0.855654375,-0.761766472
-0.427469027,2.309481964,6.563748196,-1.711293326,-2.231249018,-1.040465089,-0.366783788,0.62648747,-0.95864577,-0.439751642
-3.328021658,-0.982440034,-0.550655142,2.114013993,-0.98687694,-0.927118071,0.313243184,0.244327373,-0.982071617,-0.176286743
10.05340387,0.43986869,0.008054936,0.799052163,-0.647558763,-0.163408485,0.81349873,0.674690797,-0.508662827,-0.849627957
-4.007119423,-1.621335487,-0.398336969,2.19033642,-0.401429487,-1.547794268,-0.652577061,-0.629898839,-0.018070851,-1.201753829
2.711470155,-0.263525602,0.025903649,-1.272775606,0.633884771,-0.094183357,1.444013423,0.965648417,1.312477996,-0.360810979
3.237369815,0.05102414,-0.120353422,-1.721519571,0.557212397,-1.379113822,0.919783565,1.064545679,-0.488140821,0.527322771
3.736749582,-1.380907993,-0.420880578,-0.509420782,0.635610747,-0.246754648,-1.307090814,0.143669408,0.204846163,-1.276463824
0.045693395,-1.867437116,0.380579634,0.371395168,-0.48815503,-0.410388585,0.946234284,-0.296114907,0.646865873,-0.522745083
-0.238634177,-1.976380919,0.374378112,0.163217478,-0.491823693,-0.244389476,-1.165518482,-0.688581252,-0.416896147,-0.362993422
-4.446673797,0.74027591,-0.531357037,-0.786343201,0.274531401,0.259409609,-1.834646284,-0.406033838,-0.650390918,0.039734711
0.226192622,-1.342826863,-0.488647538,0.171223232,-0.18644069,-0.734622203,0.916316054,-0.048153418,1.054747681,0.176439365
9.008787903,-2.021162559,0.38765211,1.826515601,-0.636002697,-0.330190696,0.339023947,0.459155547,-1.308022986,-0.542777727
0.088215415,8.338148488,-5.529208154,-0.792909735,-2.477762258,-0.246741557,-0.257739461,-0.821996865,-1.000146413,-0.407817675
3.95927238,-0.709965502,-1.895657421,-0.036221641,0.523983419,-1.57140841,-1.499492663,-0.195404303,-0.790205698,1.328687773
-5.686890294,-1.349737622,0.646213012,-1.035618128,-0.332297662,-0.693446773,-0.353747827,-0.226472768,1.217327785,-0.435667562
7.433953043,-0.02748187,-0.086606725,1.89778439,0.225924057,-2.52110587,0.825209928,-0.358800909,0.235859071,1.202207713
0.371470119,6.701286914,-1.956259204,1.510355051,0.726368164,1.22456539,2.227504526,-2.204323774,-0.176407052,0.31279993
-3.299569451,-1.23499533,0.638405102,2.371958407,-0.398346529,-1.733498137,-0.113020583,0.855941587,-0.056010792,0.389096331
8.659858125,-0.985053818,0.398716963,1.131071504,-0.770292681,1.924715119,-0.300159966,0.64976578,-0.041399819,0.236176906
-6.154609285,-1.58880822,-0.115270805,-0.716020623,0.731123287,-0.734171237,-1.225644875,-0.785478713,-1.290119146,-0.124766289
4.196405216,-0.499603263,0.266763989,-1.362961852,0.24549633,-2.226073531,0.307599597,-0.343637509,-0.518291047,0.577123897
-7.942146065,-0.52352166,-1.478467279,-0.946105845,0.496170722,-1.558108149,1.1040418,0.909077142,0.735129452,-0.392108693
-6.719982539,-2.16570869,-0.324842207,0.013316987,0.869877797,0.089777946,0.447111572,0.036914592,0.200715651,-1.247165823
-5.620179269,-2.725205412,0.116169,-1.174543265,0.448354246,-0.712070428,1.070658426,0.094648238,1.140519981,-1.118359986
-0.39461082,2.793940265,6.890837342,-1.509817143,-2.855940031,-1.376119183,0.919433281,-0.162014076,-0.855175967,-0.890676395
0.302694763,-1.998247051,0.125552964,0.306398776,-0.033950483,-0.917288666,0.145465897,0.215545604,0.039964514,-0.297248567
-4.826162681,-0.724546919,-1.28324219,2.6498833,-1.000472771,-1.087027884,-1.115124475,0.361512238,-0.101651292,1.229303669
-0.056331286,-0.314920461,-0.072638968,-0.440977694,-0.502001153,-0.286326428,1.039978274,0.580160983,-0.199719988,-0.479818181
0.5416692,-1.262135971,-0.354962095,0.29116772,0.224423966,-0.681761876,0.342417808,0.478118682,-0.872474044,1.540799861
0.303598879,3.656300596,-4.529507459,-1.509950665,-2.520672773,-0.643814435,-1.325404345,3.925051101,-0.553572405,1.358250278
8.191533481,-0.680813602,-0.264764843,1.556092491,-0.392936621,0.630392667,-1.411758168,-0.244477973,-1.082289267,-1.402069698
-4.916738017,-1.255748457,1.050589638,2.163136861,-1.859098634,-1.463069453,-1.678023225,0.32433554,-1.030824778,-0.405831682
-3.548536889,-1.107106815,-1.003244959,1.592917589,-0.800637501,-1.253158379,1.103825629,0.531870109,-1.256017348,-0.387775358
4.581323148,-0.181948922,-2.03517018,-0.103331193,-0.049001138,0.155876981,1.350510241,1.178814556,-0.399803297,0.870037788
0.140461817,-0.901616367,0.11989107,0.337882428,-0.026970649,-0.070915342,-1.40216475,-0.595034312,-0.030853851,0.311174659
-5.028732756,-0.251188213,0.475927797,1.255392986,-1.756085881,1.905171164,-0.412987693,-0.442661694,-0.284249578,0.562435137
7.846011607,-1.723643013,-0.818633584,-0.778096121,-0.412250243,-2.104270638,0.608934526,-0.241127847,-0.283066482,-0.537274729
10.30312421,-1.960400837,0.259252173,1.401992388,-0.501562547,0.501460712,0.72495718,0.325202213,0.365910547,1.323251272
10.4266725,-1.008778637,1.261713431,0.890926507,-0.468007073,-0.197120059,-1.01367931,-0.884949602,0.476676568,0.681725494
-9.431735619,-1.166154211,0.992933984,1.171238564,0.47334592,2.847090609,-1.191849731,0.497214161,1.145995164,0.586245204
7.615767669,1.01714784,0.018355059,0.564389262,-0.192864849,-2.793970235,0.620874734,-0.180572215,0.009714159,0.454695194
9.855874034,0.122933625,0.86163021,1.570147918,-0.241057103,0.427712736,0.049841346,0.195860212,-1.329895541,-0.92863814
-0.052199761,-1.117145182,0.457466531,0.250047998,-0.598060678,0.478455715,-0.947349471,0.032780524,-0.036845757,-0.024865781
-0.298089903,4.572674457,-3.611382167,-1.373801405,-2.391001206,-0.992683292,-0.766722024,1.171652739,1.199128065,-0.693118419
-0.156053786,-1.008937741,-0.519444304,0.153440126,-0.111588316,-0.203214218,1.140099549,0.143717757,1.254600249,-0.316837475
8.914423245,-1.009788779,-0.260968621,0.994350934,-0.455599207,0.644823129,1.311660691,0.475573319,-0.677243184,-0.064008338
2.845471546,-0.574374849,-0.687964925,-0.375895585,0.890847044,1.063309684,-0.509877163,-0.524665186,-0.447962474,1.057695258
-5.19678499,-0.736806312,0.486595061,3.44518272,-1.133032227,-1.39836574,-0.658400525,0.32711882,-0.527686681,-1.466322897
10.7076431,-1.480849136,-0.034519564,0.871136379,-0.556488733,1.027441127,0.417526273,-0.196976978,0.713018718,-0.218714061
5.973421986,-0.966796409,0.263530002,1.885324438,0.18365627,0.749455699,-0.877869432,-0.335645548,-0.417999392,-0.474025642
7.209964847,-2.191885403,-0.075878395,1.561322712,-0.753674909,0.336273613,-0.222177616,-0.080633828,-0.847332392,-1.000991605
-4.006814648,-2.056298016,-0.030502849,2.528707637,-0.375617329,-0.734625534,-0.478322257,-0.33581322,1.500559003,-1.297275914
-5.816407709,-0.412058399,0.105583172,-0.404900219,-0.466970697,-0.325461038,0.813868873,0.160191855,0.236722906,0.036897883
0.041124026,5.652141767,-4.418084528,-2.428521862,-2.748368942,-0.647328444,-0.079414872,3.309621695,1.629599607,-0.857840951
4.265877507,-2.133907917,0.212783999,-0.745951679,0.210168464,-0.119486824,0.731723051,0.654757675,0.754390106,-1.340726632
-0.381573515,-0.874792353,-0.176767694,-0.133277753,0.771508671,-1.211450877,0.21301059,-0.306434222,0.125369035,-0.623221202
0.498593963,-1.397129857,-0.664672403,0.494623747,0.262946776,-0.068459747,0.144571976,-0.187585293,1.497675208,0.725750538
5.293715,-1.465240137,0.234268666,0.816069111,-0.243794753,0.396918054,2.05273864,0.563685844,0.414332306,0.128331901
-0.026072782,5.773249967,5.65015647,1.270796057,3.254039297,-0.652487798,-1.762739468,1.36663396,1.086193971,-0.625607335
0.234014575,-0.942364287,-1.016689645,0.452547001,-0.055228716,1.391858902,-0.367463996,-0.538815027,1.595610531,1.300874042
-4.893177978,-1.489199877,0.184312536,1.40461076,0.790531724,2.189543702,-0.770050673,-0.480212305,0.078442533,0.277808444
-0.608646466,-0.262235328,0.4003351,-0.079614595,-0.305738215,0.151327645,0.243054635,-0.125695411,0.998152122,0.774539869
2.553874764,-0.621181509,0.233618838,-1.479989985,0.581344129,0.878516773,-1.099896332,-0.055975997,0.329419829,0.515782144
-0.029381409,2.93549,7.719855735,-2.59399976,-3.456524031,-0.739397958,0.071070466,-0.567968024,-1.496105684,0.383509276
-8.665556016,-0.537035509,-0.079495376,-1.452593105,0.979013741,-1.157895495,1.023546379,-0.409710506,1.388089594,-0.025236574
-0.101971698,6.639088564,-2.985208674,0.300393351,-0.630260825,0.868605847,1.756539069,-1.909612304,-0.179243485,0.177333784
0.584081739,-1.761118322,-0.292182272,-0.168155666,-0.330049227,0.411567202,-1.352981967,0.211346402,-1.63434127,1.616934312
-0.557391175,5.372286578,2.00983327,1.615980661,3.799421533,0.041725934,-1.599129549,-0.091579258,-0.325346176,0.998686383
-5.848576089,-0.503935634,0.277735395,3.195464009,-0.416550333,-2.647176227,0.081583293,0.704759028,-0.742447298,-0.021018575
0.07383259,1.101444121,6.787261629,-3.374751305,-3.646485702,0.966674438,0.055519467,-2.524995802,0.302868944,1.145551888
-0.170405091,1.583305042,7.144632724,-1.85572256,-3.435381263,0.127294111,-1.380392931,-2.662658325,0.606660095,-0.651722456
0.541432196,-1.634298427,-0.358032897,0.762003327,0.733771325,0.280430325,-0.798714777,-0.843379514,0.33435033,-0.448521703
-7.75735909,-0.645634022,0.877151778,-1.154581825,-0.404793148,-0.643338032,1.557839743,-0.418259387,0.712741174,-0.286005114
0.256915936,-1.448075745,0.095965255,-0.31127936,0.176694088,-0.561072901,0.894660235,-0.07779464,-1.373547905,-0.888387835
-4.956627254,-1.431977794,-0.972273639,2.478609896,-2.315487021,-0.466250507,1.276633659,0.697996338,-0.542525321,0.250854005
8.19168706,-0.907659055,-1.093314978,0.58204978,-0.256724445,-0.253020083,0.62351013,0.159174732,-0.325174806,0.230241038
-10.36970289,0.230491578,-0.651010514,-0.379383682,-0.007683065,0.067564521,0.441523464,0.294477857,-0.437966432,-0.019648552
5.154412106,0.014511944,0.211375821,-2.137920589,0.614502266,1.924050651,0.232403373,1.862005485,-0.159282068,-0.159538078
-6.611038246,-0.973896379,0.154560447,-1.578855139,0.477447235,-0.512743387,-1.296017346,-0.465858131,-1.296420698,0.689603738
-0.302584789,-1.405167267,0.280015483,0.0875462,0.35231714,-0.286003678,-0.355594831,-0.213591505,-1.23309431,-0.086878361
-4.390137854,0.88777812,0.607317249,2.10064241,-1.412070055,-0.864345603,0.485695051,0.8646844,-1.051659283,0.682545659
2.615268274,-0.927813065,0.094607192,-1.981275235,0.642801438,0.952255543,1.05632164,0.135622834,0.049810739,-0.325707324
-0.367642998,0.040837561,0.114122854,-0.05715764,-0.621757342,0.235280025,-1.384073351,-0.146845694,-0.6494055,0.67811752
-5.708248581,-1.046532185,-0.252507425,-0.300981828,0.227546806,1.197139258,-0.035714468,0.564327989,0.056018556,-0.066389345
-6.735529665,-0.750878516,-0.04071538,1.987137732,0.168477723,2.047267746,0.828753819,0.498582243,0.850702027,-0.279866634
3.604362793,0.031498393,-0.87657906,-1.24592196,0.521322455,0.845677928,0.937417411,0.286796431,-1.235689886,0.912673853
9.469130947,-1.77083715,0.171442211,0.886408031,-0.521717437,1.742588922,0.111286525,-0.551176131,1.257208641,0.31341966
-6.172770667,-1.791126365,-0.735793566,-1.12580246,0.57658854,0.243777966,-1.291048257,-0.4804701,-0.04057495,1.535351065
-7.492345542,-0.023639515,0.436134808,-0.635831838,0.152058415,-0.818693216,-0.602284509,-0.712018276,0.880715157,1.239424011
0.078610964,-0.841609307,0.494154067,-0.405370967,0.121092998,0.520459075,-0.616679865,-0.562396573,-0.044408894,0.188519464
9.248159115,-0.772591495,-0.031258758,0.654935201,0.087192176,0.366391768,-0.102957167,0.420483244,-0.146808393,-0.558687654
0.478036682,-0.58193588,-0.458858907,0.552964494,-0.699698198,-0.11147663,-0.438490822,-0.00529808,0.795106603,0.005129737
0.183265198,7.428318313,3.960780654,2.485726174,4.520176784,-0.731591689,0.667328052,1.836996379,0.656367745,-0.797172946
-0.110752343,-1.640311288,-0.820826811,0.436197956,-0.151408885,0.393646456,-0.535410015,0.779518689,-0.70511652,-1.721415877
-8.188995431,-0.429509408,-0.734139456,-0.640953576,0.538035255,-1.071649267,0.888214465,0.965773404,-0.778194136,-1.668177509
0.491806984,5.919194314,3.791508888,2.647242688,3.845308661,0.60554077,-0.023182714,2.194401611,0.614047843,-0.004630838
-4.880833527,-0.481065889,-0.516165653,2.716563524,-0.616917518,-1.995675427,-1.160917857,-0.422137067,-0.701480631,1.075684362
-0.138722874,2.273180544,5.906558459,-2.455189636,-2.669306378,-0.879114488,0.538268238,-0.417360474,-1.555390096,-0.483784721
9.251400709,-1.516034132,-0.719773313,1.214225901,-0.84779645,0.634804807,0.058768922,-0.221550363,1.299624745,-1.351345022
4.412169964,-1.394003342,-1.3845262,-0.133052851,-0.038223602,-0.988642403,-1.714908449,-0.178705607,0.108504946,-1.19157814
-2.790502984,-0.237482306,-0.128416722,1.18227617,-0.042955734,-0.430019092,-0.398970752,-0.177748721,-0.898493626,-0.830760849
-0.128812663,7.330171831,-2.629259368,0.581863132,0.22275146,0.748857994,0.756673609,-2.815554061,0.074752344,0.424264397
-0.153337724,-0.496958417,0.34435327,0.684459174,0.44058521,0.225278555,-1.408643794,-0.526133841,1.413638547,-0.259346651
-5.013667243,-1.028088061,-0.277817587,-0.137452305,0.907013286,-0.691125646,0.135526104,-0.21905432,-1.450450004,1.475119705
-3.799893762,-0.93569612,0.475589596,0.142067235,-0.022228726,0.9656942,0.561633643,1.206706216,-0.311779102,0.923542262
5.394657125,-1.308353086,-0.006318378,-2.197431156,1.847161492,0.915976096,1.61397132,-0.336300156,0.687998358,-0.695108052
9.091111095,-0.980131378,0.78194463,-0.041665466,-0.927035533,1.086823522,-0.229266414,-0.144419936,-0.339545188,-0.569273031
-0.051802278,6.36078236,0.156298437,1.202466675,2.209652856,0.285646407,1.388680975,-1.131416286,1.307826791,-0.471854087
2.477290473,-1.244797432,0.142032709,0.230395216,1.092025653,1.594526493,-0.918701399,-0.587473186,0.225573607,-0.485133171
5.358004185,-1.685380495,-1.097235238,-2.71020789,0.64590514,1.351320925,0.068149234,-0.610323576,0.295120542,-0.665545673
-4.119024536,0.158353215,0.738921446,1.509236783,-2.216476333,-1.351031768,-0.136062565,0.670301531,-0.39691133,0.654308921
-6.183425443,-1.258360198,0.481354363,-1.403557258,0.470754613,-0.629571796,0.779093028,-0.50482351,1.219294011,-1.282968
4.3290585,-1.695653087,0.490557978,-2.40426531,1.670642734,0.495829319,-1.000744938,0.10246112,0.451288822,-0.286873691
0.371765992,-0.321014176,-0.350760245,0.314881178,-1.437621835,-0.05893886,0.587417559,0.770818701,0.476150296,-0.510683596
-8.080225669,-1.240729162,1.417070099,0.182916382,0.795944603,2.446627627,-0.72258324,-0.584622353,-0.21176686,1.925893518
-5.914364874,-0.348333433,-0.826724941,-1.068166536,0.243933602,-0.448228532,-0.670511439,-0.794856496,-0.522960671,0.986017912
10.21893923,0.18392101,-0.162272365,0.447476875,0.105935121,0.980630699,0.438293645,0.389353899,-0.423144455,1.165270402
0.192637757,4.720238135,1.254135673,1.599914372,3.417303468,0.520941791,0.321707134,-0.649141704,-0.385865015,0.045411429
4.666168194,-1.321488643,-1.403481627,-2.292990022,1.260085239,1.674229601,-1.822617672,0.022156131,-1.235549465,-0.526649035
-10.53852079,-0.982280858,-0.546913242,-1.737948386,2.179700173,-1.246986484,-1.168419454,-0.12579389,-0.059855955,-0.418392585
6.866226424,-0.100889341,-0.044659416,-2.251673074,1.604094623,1.236245137,1.852143104,0.186694415,0.544626249,0.31853746
0.040281953,3.061082846,6.60933685,-1.266904376,-3.066200217,-0.395337831,0.215540174,-1.09871538,-0.821091181,0.868993238
0.490101614,4.845876457,1.115640334,2.147860518,2.934459705,0.582345,-0.287539735,-0.047043483,-1.037178975,0.543341529
-5.333108652,-0.17496138,-0.063418502,1.853353174,-0.346336792,1.786025405,-1.105820299,-0.683432214,0.897117896,1.226434037
-0.205668374,-0.881227957,-0.77000383,-0.053725404,0.718056786,-0.357991537,0.674415096,0.349532563,0.136088151,1.253001594
2.963058438,-0.316414102,-0.225648539,-0.64610553,0.827995823,0.364464436,1.185440254,0.677959347,0.630963703,0.264669806
0.128890334,-1.268609877,0.827555769,-0.357134832,0.031611058,0.459015333,-0.300999001,-0.804888016,-0.500582777,1.166848161
-0.596103621,-0.98077888,-0.543840655,0.368303324,0.28507234,-0.177664834,1.327141366,0.027732345,-0.136138473,-0.051813173
0.216524046,-1.478419997,0.443941621,0.337829343,-0.165685234,0.412078236,-0.572885013,-0.53159023,-0.716010859,1.199403421
5.82959805,0.043087009,-0.770169392,-3.349561089,1.914084532,2.004889794,-0.662321694,-0.808441553,0.640371245,0.349006054
-9.987543944,-0.31776832,-0.800873983,-1.679385759,1.063679198,-0.916238186,0.32429864,0.301588657,0.978667566,0.114180182
0.125421945,-1.342190913,-1.18864883,-0.170545764,0.497968949,-0.300805971,1.161384849,0.98074592,0.1482375,-0.406937785
-4.421410704,-0.508609867,-0.03463756,-0.807422293,0.735581398,-1.102819346,0.881233715,0.324117275,-1.196456575,0.553397563
7.176884993,-1.685016105,0.237446366,1.467983763,-0.432406782,0.044908319,-0.741153975,-0.217058272,-1.15669661,0.415577378
5.076440912,-1.226873797,0.191758635,-2.575568625,3.078998172,1.026109938,-0.904919188,-1.082353646,1.590537225,-0.861013198
6.08069056,-0.416833315,-0.178485357,0.012601561,-0.55726362,0.885906999,-0.963212399,-0.705613453,0.652530444,-0.935491859
4.305123135,-1.853766348,-0.519884171,-2.328153322,1.463562435,0.023690616,0.171221055,-0.459276585,0.587359049,0.265886881
-4.350762888,-0.497040924,0.103635581,1.042670158,-1.188776585,-1.0633919,1.502467041,0.89077197,1.3667825,0.51834927
6.048899225,-1.460740404,-0.165227576,-2.446076395,1.576806179,-2.115801728,0.180384138,0.814465432,-0.587530477,0.163333558
-5.96598502,-2.079970202,-0.691066054,1.563402791,-1.637735294,0.535996426,1.728353012,-0.760903247,0.646185445,-0.16440418
-0.099958886,-0.959037374,0.239300243,0.30033145,-0.263869908,0.134818247,1.188009408,0.599344049,-0.777959513,0.853767265
-4.529104435,-0.87174435,-0.574861961,2.281369407,-1.047061739,-0.148569935,0.624750939,0.150739626,0.714683082,-1.550804606
-7.512461782,0.282340578,-0.398608172,1.780463929,0.250066298,2.186492209,1.391925249,1.49803849,-1.590582818,0.642151298
8.969706096,-0.301727469,0.574308243,1.166711479,-0.577234915,0.935565079,0.345402218,0.294687863,-0.070077936,0.89156044
-2.286619518,-0.691973136,-0.075431866,1.733619125,-0.442012018,-0.674274705,0.162926152,-0.607904983,1.00661105,0.453370947
5.685799571,-1.345041571,0.220457996,0.479222496,0.173122039,-0.10105948,1.216091306,0.818418326,-1.823646706,0.523360776
3.406402943,-1.47906759,-0.055299743,-1.556013329,0.824484473,1.609426108,-1.12842964,0.210612036,-0.408177153,-0.287169833
-9.423973998,-1.567381616,-0.577559075,-1.323979238,0.468056352,0.125344736,0.956266603,0.385417767,0.155028691,-1.245329222
-9.63282671,-0.009701885,-0.069433532,-1.2193054,0.637377418,-0.977285042,1.430875798,-0.053437706,0.9012503,0.445016308
0.07485811,4.571172851,6.09605814,0.190591696,-0.114636612,-0.282949105,-0.128501743,2.913459143,0.910128346,1.129759246
-3.7227172,0.263143073,0.896280308,1.466787357,-0.988665665,0.356343161,0.414455164,-0.225164929,-0.077754865,0.479662632
-6.093442554,0.547236955,1.044877953,-0.492266047,0.055463777,0.454930935,0.06739099,-0.091289796,0.453321639,0.100971435
-11.32087377,-1.233327963,-0.411321507,-0.973927092,0.768547095,-0.780006034,-1.118184646,-0.784812898,0.454709704,0.294925452
0.350706944,-0.856299845,-0.227739578,0.866933335,-0.458905306,0.860150032,-1.015916128,-0.017186566,-1.455766031,0.644622167
-4.915305802,-0.831086377,-0.346914505,0.291052522,0.36571463,-0.702707103,0.431397303,0.372307451,-0.291936647,-0.491812232
-4.234655354,-1.852528828,0.001849145,2.096962921,-0.651446579,-1.542958408,-1.221262194,-1.422840829,0.126953274,0.920895031
-0.00649057,7.473533356,-4.585123955,0.228791227,-1.288405274,0.853684877,0.888349413,-1.573149143,1.274121893,0.71755941
10.14432975,-1.222517007,-0.451096385,0.087466299,-0.787324349,0.451256322,0.85434842,1.436153319,-0.763250874,-1.898049857
-8.440637685,0.595492948,-0.863648273,-0.928170497,0.497290314,-0.287273943,-1.292576288,-0.731947546,-0.653807048,0.202476376
-10.05198953,-0.72353614,-0.018264565,-0.86614244,0.878100812,-0.795122638,-1.109841135,-1.135769261,-0.358670585,-0.956022818
-0.209962595,-1.028847689,-0.509388574,0.267116125,-0.01856554,-0.729654641,0.707589823,0.449896809,1.03162748,-1.580657976
-4.874667563,-0.826670639,0.249457859,-0.760420889,-0.194125817,-0.37224101,-1.179982398,0.1202754,0.430209956,-1.148750595
4.56823091,0.939171369,0.222281652,-0.670019894,-0.506523259,-0.166527484,-0.458108832,0.476287853,-0.645896802,0.36908357
0.591244407,-1.363510894,0.181770134,0.892332106,-0.382303909,0.525626201,1.306455828,0.495535143,0.72180676,0.056947144
4.83741555,-1.193053008,-0.383782838,1.383151176,-0.101294015,0.87719956,0.268453797,0.459908554,-0.565703229,-0.762283532
0.189642637,6.844204267,2.726857862,1.984400867,4.344888675,0.268754632,-0.50328767,0.147697522,-1.051405663,-0.708315511
6.419530084,-0.853394318,-0.418889719,1.33370143,0.34097744,0.09791813,-1.201027365,0.733818572,-0.983463215,-0.191043578
6.50909148,-2.229178992,-0.2093414,0.548934067,-0.060332691,-0.643761496,-0.308538581,-0.998881289,0.648423957,0.576464896
-8.136089421,-0.029664418,1.363951346,0.865510883,0.293906282,2.99415195,1.056497533,0.928687459,-1.737517779,1.204877476
-5.56341378,-0.030486586,0.25615575,3.549036363,-1.351581798,-1.347607395,0.917759285,0.023556751,-0.13333357,-0.775187103
5.433859478,-1.287341367,-0.708357075,-2.074073709,2.888468822,0.19620966,-0.908960795,0.098071797,0.333304232,0.326690648
-0.060915302,4.859371187,-2.744452315,-0.421030195,-2.374132761,0.465228878,-1.479267335,-0.343959535,-1.07700197,-0.035949553
-6.2440554,-0.654275309,0.43274406,1.070549188,-0.024669356,2.763647338,-0.810228154,0.136808076,0.206084138,0.997481165
3.615974985,-0.3667593,-0.355640718,-0.658699843,-0.009791078,-1.290390216,-0.006783151,-0.204160013,0.445667381,-0.814724632
-3.88548271,-0.023621126,-0.785657253,2.398438975,-0.728855193,-0.343119998,2.0515726,0.783300446,1.522182341,1.835605207
-4.950327782,0.049733987,-0.06822525,2.66574414,-1.353679166,-2.024541052,0.686616776,-1.069543784,0.001011873,1.466169035
0.329561985,-1.137056092,0.062012962,0.159046138,-0.823430381,-0.201367962,1.460811921,0.259555785,0.805261527,0.530510378
-0.17249107,4.519447869,-5.354116327,-1.994909652,-2.81334822,-0.034061703,-2.288620568,3.099517857,0.132477425,0.713872505
-5.067533784,-1.128565086,-0.063928988,3.925735669,-1.406099879,-1.577671502,1.277541834,0.116000487,0.01768666,-0.810674541
-7.456488047,-1.126793479,-0.807488131,-0.159903757,0.926522943,-0.912685542,1.465099653,-0.119094765,-0.492448008,-0.977278131
5.211652289,-1.109803516,-1.592509921,0.573873806,0.366214623,-1.67584298,1.034337199,0.360920711,-1.446010366,-0.511652941
-9.979338234,-0.718624994,-1.191376477,-1.314071763,0.298956433,-0.804413031,-0.684838805,-0.150914576,-0.426672726,0.926332476
1.030331164,4.832629867,3.507989041,1.39840988,2.877246546,-0.055395428,-1.159566379,0.099029178,0.059985116,0.321493804
-7.238991876,-0.727343782,-0.278031588,-0.218646492,0.63663908,-0.72134901,0.818495322,0.071269871,-1.118600298,-1.624265014
4.204503421,-0.275468337,-0.38999312,-2.101818233,1.493389279,1.154911832,-0.730593801,-0.265752063,0.923547226,0.642923314
9.480741024,-1.478856601,0.572863966,1.601102543,-0.538794713,0.985618863,-1.080635394,-0.712741854,0.679226818,0.264261705
-1.771838259,-1.759704321,-0.055689406,1.916527273,0.311846004,-0.78296623,-0.904299879,-0.388166737,-1.088953429,0.791048309
6.627641627,-1.383613841,0.113345146,-2.399231135,1.472167439,2.166368792,0.752235592,-0.708098383,0.659486019,-0.79446822
6.695339289,-1.63451339,0.196034123,-2.745681086,1.852454759,-1.526225697,1.039511911,0.847454477,-0.10811453,1.207145126
5.737719161,0.39302608,-0.562894216,-1.703821963,1.477797638,0.18779286,-0.728019512,-0.216409643,1.285172049,0.06718782
0.019590362,-0.96062153,-0.144366939,0.356905553,-0.154981729,-0.453639092,0.704658917,0.906211023,-0.343215185,-0.72890344
0.161247664,-0.010123987,0.648776706,-0.322075162,-0.733237762,-0.21790671,-0.86465777,-0.659467638,1.229555256,0.92436286
10.02331683,-0.44996322,1.753175162,0.344722003,-0.930208699,0.534642437,-0.508899072,0.03905681,0.386465957,0.137421737
0.241735504,4.037814759,7.589996509,-0.179114458,-0.970778031,-0.993403371,-0.793720862,0.687219862,1.060115367,-0.881648105
0.708119712,5.724220039,1.700543069,2.674440658,3.933587489,0.71148234,0.521711908,-0.470167108,-1.050113027,0.676678711
0.773088079,1.726187699,6.681505475,-2.765679176,-4.237833138,0.619404107,0.647893339,-1.765560587,0.695223421,0.232942599
6.542939537,-0.930396896,-0.11856794,-1.945207516,1.909347182,-0.465492913,-0.163185927,0.385765266,0.481207937,1.301486484
-4.27311665,-1.26197054,0.114641477,1.804807741,0.391641634,1.740372132,0.440158439,0.041851194,0.443137564,-0.417238274
-0.234161553,5.921020207,-3.608731165,-0.180262422,-0.880376686,-0.110472953,1.355847025,-1.115854881,1.396203094,0.523425449
0.817189022,4.587955838,-5.428784087,-1.175654085,-3.755076286,0.92394898,-2.420120409,3.831812661,1.778344174,-0.199954951
-3.76547914,-1.180505078,0.96708733,0.977408609,0.679652368,1.161228205,-0.900491922,-0.502063677,1.102431805,-0.488309822
-6.558967415,-0.59015774,-1.540846327,3.458540916,-3.206467291,0.58179629,-1.236618249,-0.70448517,-0.034339896,1.546122766
3.892331058,-1.920487044,-0.768902115,0.086925831,0.640734637,-2.05739673,0.755246599,-1.040316439,0.817764224,-0.249810302
0.869912589,5.142269608,3.27578026,2.727885909,3.723900948,0.792167304,-2.074333055,0.937856319,0.288154872,0.302938358
6.927244917,-1.703891508,0.126387404,0.778513648,-1.009902118,-0.076705699,-0.044739642,0.070027438,1.141675176,1.588077451
-3.430670712,-1.793640881,-0.491032393,1.72214881,-1.297786251,-1.057751354,-1.155056807,-0.753412158,-1.159407655,-0.300237393
0.525377578,-0.446930908,-0.515065909,0.844038381,-0.522174393,0.687932878,-0.592804405,0.190466766,1.239373617,1.419969329
5.448456157,-1.689943469,-0.821537362,-0.017242432,0.001571631,0.186743658,-0.229704828,-0.409425522,0.616888331,1.577679891
0.079282087,-1.267082876,-0.280407465,-0.005840049,-0.625747815,0.323800037,0.11327819,0.226595648,0.144172476,-0.552215798
-4.809845834,-1.500456509,-0.098456193,-0.131189804,0.522695118,1.639039974,0.686953842,0.449889562,-1.139044315,1.317280035
11.60332393,-0.507130542,0.526879615,1.27977284,-0.541470094,0.763733156,-1.033936304,0.044927226,-0.87325894,-1.226085533
8.988133244,-0.582487946,-2.487138344,0.242129572,-0.017090217,-4.121674847,-0.932737673,-1.279393566,-0.94888682,0.31399816
-0.260681555,-2.290114953,-0.621864231,0.362683921,-0.180636007,0.661637523,-1.131886036,-0.60271914,-0.614998012,-0.859895437
4.882823294,-1.510531431,0.511379677,0.513353086,-0.464370476,-0.1475946,1.273394418,-0.239950534,0.845759248,-1.088875537
2.416698821,-1.177780282,-0.094334753,-1.493950052,1.451438109,0.496243913,-0.579752908,0.732017165,-0.679852028,0.125337579
7.925690754,-0.04217462,-1.893147565,0.504360061,-0.345977033,-2.97407157,-0.4226399,-1.226636188,1.605619886,1.273402573
0.082766003,5.276229519,-4.111267852,0.267028764,-0.894239422,0.386918909,1.366234955,-0.96483268,-1.016801571,-1.855102241
0.431994269,4.779843172,-4.294629705,-1.549591455,-1.722192907,0.282038189,-0.94239842,0.603328508,0.529412364,-1.245005125
-5.917615437,-0.102142168,0.030166376,0.929613333,0.556034141,0.793323827,0.187542792,-0.134683415,-0.20452755,-0.934831143
6.853362744,-2.252267422,0.366943973,-2.796694744,2.563351789,-1.496783215,0.530257823,-0.297546969,0.996418539,-0.091888423
4.551025824,-0.851598779,0.028847249,-2.541739836,1.509744461,-1.412504955,-0.664861973,-0.150365051,-0.247897045,-0.192023845
-0.543326934,8.286920712,-4.684786753,0.409109955,-1.270323786,0.680171415,0.519042235,-2.374490648,-1.059314729,-1.107379785
0.032668308,-0.473331518,1.183382789,-0.14776342,-0.224433519,-0.93494228,0.527253637,-0.705025098,0.527019444,0.207492196
7.688312608,-1.80842612,-0.421581875,0.439807892,-0.431400227,0.81497032,0.530872797,-0.132974169,0.611802984,0.511983151
10.15144202,-2.032168559,0.682263611,1.206783592,-0.796710026,1.139743003,-0.975261123,-1.019028026,-0.164889587,0.006168939
0.728137643,6.20665002,3.244669393,2.706540372,3.585721089,0.506261466,-0.799321673,1.403496167,1.536428974,-0.977986782
8.359664459,0.546426922,-0.642826454,1.289912197,0.078831664,-2.590355232,-0.587856959,-0.99318193,-1.204814225,-1.225406436
4.065741826,-2.556888884,-1.18814284,-2.201988405,0.846093586,0.868706896,0.668310694,1.072581999,-1.030157217,-0.273402525
0.461677294,-0.539051122,1.217900253,-0.196405784,-0.449352405,-0.583966845,1.593339496,-0.001697346,-0.395463708,-0.069252759
-4.735022055,-1.856434329,-0.464303447,1.27311457,-0.671564392,1.014675068,0.579271002,-0.060960134,-0.892694165,-1.548565
7.75239342,-1.497509326,0.289693745,-1.915802252,0.4247647,-2.05656593,-1.14339071,-0.947241527,0.410772644,0.982069113
-6.652063996,0.493577828,0.151459378,-1.07840602,0.434339499,-1.095657249,0.887222705,0.622939032,-0.82165922,-0.593019953
5.272886607,-1.105204515,-0.047080844,0.319809084,0.281947126,0.330200894,0.533394167,0.16698374,0.506970715,1.45694098
-0.271126178,4.280978054,8.538702926,-2.796798846,-3.571225729,-0.149120442,-0.900476148,-1.68290234,-0.290571597,-1.226467743
10.56245942,-2.214088879,0.362175023,1.795594238,-0.614748475,0.302621495,-0.280692072,0.421516453,-0.210248197,-0.382242557
0.125430507,6.940255038,-3.507531211,0.637317096,0.092349529,1.978493679,1.339134039,-2.591844732,-0.358360041,1.251161918
7.642247087,-0.404589009,-0.248383418,0.017933596,0.220767135,0.799081215,-0.292510406,0.463054462,-0.816505837,-0.910201989
6.330064508,0.021974312,-1.299594155,-3.001982781,3.05285441,0.619386473,1.998632738,0.154803218,1.128832191,1.251772013
-3.356994556,-1.230963308,-0.22943306,2.909285127,-0.548001102,-1.14630892,0.854202099,-0.037467551,1.09390565,1.281030289
-8.461358852,-1.910214611,-0.424412864,-1.276711567,0.401184771,0.033987913,-0.222089901,-0.801975373,0.444277482,0.535633888
0.045838406,-0.46704262,-0.442344476,0.296889881,-0.294746283,0.607700154,-0.006423574,0.482097202,-0.454929998,0.013149259
7.382803297,-0.592877091,-1.674465676,0.600476764,-0.202598379,-1.899905567,1.316846447,-0.198608507,0.948761594,-0.218891725
-9.579521449,-0.889423387,0.360991763,-1.08941208,0.070997421,-0.326359275,-0.608302598,-0.49247173,-0.146250409,0.971980502
-3.585196805,-2.006433296,0.243067387,1.740618569,-1.419434116,-0.969296812,-0.456992612,0.593015681,-1.687767007,0.266916813
0.044041452,6.744944956,-0.729283462,1.229376848,2.287064199,0.778452984,1.353563388,-1.113781245,-1.588758046,-0.993573048
-8.942480317,-0.56834396,0.769818365,-1.142733374,0.144478122,-0.458712221,0.381298177,0.472277396,-1.579541496,0.473870005
7.837416829,-1.7507447,0.635307331,0.418850472,0.024972924,0.419655414,1.809791109,0.201839181,0.486712384,0.27790971
-0.128327258,-0.756862494,-0.797349337,0.602043941,1.256561777,-0.582141193,-0.184087125,0.442514264,-0.331662387,-0.149315395
-4.949385685,-1.281009479,-0.877961824,-1.226600929,0.402880205,-1.466478905,0.087219672,0.280154869,-0.509550995,0.048541229
7.385132088,-2.408340246,0.007449358,0.830678925,-0.357220022,0.252105957,-0.632638313,0.025871169,-1.384549079,-0.16762059
3.811543064,-0.199763694,-1.657171373,-2.254415358,0.962373826,0.567724394,1.090892237,0.40206779,-1.328236773,0.177896124
-3.752360934,-0.19878286,-0.417809456,2.264044588,-0.236916015,-1.076487739,-1.820468835,0.396373146,0.374773273,1.808202417
-0.621944838,-1.134533282,-0.376768137,0.039680385,0.724060722,-0.152389517,0.828694308,0.302884756,-1.465019308,0.299156338
